ticket_id,subject,description,category,priority,status,channel,created_at,resolution_time_hours,customer_satisfaction,is_synthetic
SYN-00796,Password question,"Hello support, my password reset link expired. Please help me resolve this soon.",Account Access,Low,Open,Web,2024-10-21T15:00:00,7,1,True
SYN-01319,Plan request,"Hello support, my plan which plan includes it. Please help me resolve this today.",Product Inquiry,Critical,Open,Chat,2024-01-28T10:00:00,24,2,True
SYN-01049,Return help,"Hello support, my return want my money back. Please help me resolve this today.",Refund Request,Critical,Closed,Email,2024-02-18T23:00:00,10,5,True
SYN-01312,Feature question,"Hello support, my feature which plan includes it. Please help me resolve this today.",Product Inquiry,Medium,Closed,Web,2024-08-27T08:00:00,14,3,True
SYN-01964,Guidance question,"Hello support, my guidance please contact me. Please help me resolve this soon.",General Support,Critical,Resolved,Web,2024-03-02T01:00:00,7,4,True
SYN-00333,Charged problem,"Hello support, my charged was charged twice. Please help me resolve this today.",Billing Inquiry,High,Open,Email,2024-05-23T07:00:00,63,2,True
SYN-00845,Account help,"Hello support, my account reset link expired. Please help me resolve this today.",Account Access,Low,Resolved,Email,2024-03-03T11:00:00,105,1,True
SYN-00169,Update help,"Hello support, my update stopped working. Please help me resolve this when possible.",Technical Issue,Low,Pending,Chat,2024-01-22T10:00:00,15,3,True
SYN-00870,Locked request,"Hello support, my locked reset link expired. Please help me resolve this when possible.",Account Access,Low,Pending,Phone,2024-01-23T07:00:00,76,5,True
SYN-01355,Product request,"Hello support, my product is this supported. Please help me resolve this soon.",Product Inquiry,High,Pending,Chat,2024-10-17T05:00:00,117,4,True
SYN-00087,Error question,"Hello support, my error keeps failing. Please help me resolve this when possible.",Technical Issue,Low,Pending,Web,2024-09-18T00:00:00,87,5,True
SYN-00091,Crash request,"Hello support, my crash stopped working. Please help me resolve this when possible.",Technical Issue,High,Closed,Web,2024-05-21T01:00:00,7,1,True
SYN-00040,Update request,"Hello support, my update keeps failing. Please help me resolve this today.",Technical Issue,Critical,Resolved,Phone,2024-10-20T01:00:00,61,2,True
SYN-00817,Verification request,"Hello support, my verification cannot sign in. Please help me resolve this soon.",Account Access,High,Closed,Chat,2024-02-25T01:00:00,37,5,True
SYN-02084,Support request,"Hello support, my support where can I find help. Please help me resolve this today.",General Support,Medium,Closed,Chat,2024-02-27T02:00:00,59,4,True
SYN-00890,Login question,"Hello support, my login account is locked. Please help me resolve this today.",Account Access,Low,Pending,Phone,2024-01-04T09:00:00,10,4,True
SYN-01269,Feature help,"Hello support, my feature need more information. Please help me resolve this today.",Product Inquiry,Low,Pending,Email,2024-06-21T04:00:00,93,5,True
SYN-01686,Delivery request,"Hello support, my delivery went to wrong address. Please help me resolve this soon.",Shipping Issue,Low,Resolved,Chat,2024-11-15T23:00:00,91,4,True
SYN-01970,Question question,"Hello support, my question need some assistance. Please help me resolve this today.",General Support,Critical,Closed,Web,2024-02-29T16:00:00,20,4,True
SYN-00190,Device request,"Hello support, my device shows an error. Please help me resolve this today.",Technical Issue,Critical,Open,Email,2024-02-13T19:00:00,113,5,True
SYN-01551,Package help,"Hello support, my package has not arrived. Please help me resolve this when possible.",Shipping Issue,High,Open,Web,2024-06-29T15:00:00,63,4,True
SYN-00763,Login problem,"Hello support, my login cannot sign in. Please help me resolve this soon.",Account Access,High,Open,Web,2024-10-20T09:00:00,115,3,True
SYN-00160,Update request,"Hello support, my update will not start. Please help me resolve this when possible.",Technical Issue,Critical,Open,Web,2024-02-25T09:00:00,24,3,True
SYN-00136,Screen request,"Hello support, my screen keeps failing. Please help me resolve this when possible.",Technical Issue,Critical,Open,Chat,2024-03-02T22:00:00,112,1,True
SYN-01117,Cancel problem,"Hello support, my cancel cancel this order. Please help me resolve this today.",Refund Request,Critical,Resolved,Chat,2024-11-01T08:00:00,24,4,True
SYN-00963,Cancel problem,"Hello support, my cancel want my money back. Please help me resolve this today.",Refund Request,Medium,Open,Web,2024-08-15T02:00:00,75,5,True
SYN-00929,Purchase problem,"Hello support, my purchase return was approved. Please help me resolve this when possible.",Refund Request,Low,Closed,Phone,2024-05-30T21:00:00,90,4,True
SYN-01027,Purchase request,"Hello support, my purchase return was approved. Please help me resolve this soon.",Refund Request,Low,Resolved,Chat,2024-03-19T07:00:00,16,2,True
SYN-01594,Delivery problem,"Hello support, my delivery tracking is frozen. Please help me resolve this today.",Shipping Issue,High,Closed,Email,2024-03-04T09:00:00,106,4,True
SYN-00106,Update help,"Hello support, my update shows an error. Please help me resolve this soon.",Technical Issue,Medium,Open,Web,2024-08-15T14:00:00,2,3,True
SYN-02060,Help question,"Hello support, my help have a general question. Please help me resolve this when possible.",General Support,Medium,Open,Phone,2024-06-05T04:00:00,48,4,True
SYN-01208,Compatible problem,"Hello support, my compatible which plan includes it. Please help me resolve this today.",Product Inquiry,Medium,Open,Email,2024-05-29T00:00:00,118,2,True
SYN-01691,Package question,"Hello support, my package went to wrong address. Please help me resolve this soon.",Shipping Issue,Low,Open,Web,2024-09-30T03:00:00,79,5,True
SYN-01101,Return problem,"Hello support, my return return was approved. Please help me resolve this soon.",Refund Request,High,Open,Phone,2024-11-27T16:00:00,87,3,True
SYN-01003,Cancel request,"Hello support, my cancel cancel this order. Please help me resolve this today.",Refund Request,High,Open,Email,2024-09-22T13:00:00,35,4,True
SYN-01777,Package request,"Hello support, my package went to wrong address. Please help me resolve this soon.",Shipping Issue,Medium,Open,Email,2024-07-04T12:00:00,88,4,True
SYN-02064,Help problem,"Hello support, my help where can I find help. Please help me resolve this when possible.",General Support,Critical,Pending,Phone,2024-02-06T07:00:00,99,3,True
SYN-01081,Return request,"Hello support, my return return was approved. Please help me resolve this when possible.",Refund Request,High,Closed,Chat,2024-09-19T10:00:00,92,3,True
SYN-01230,Plan question,"Hello support, my plan which plan includes it. Please help me resolve this soon.",Product Inquiry,High,Open,Chat,2024-04-24T08:00:00,53,3,True
SYN-01328,Plan help,"Hello support, my plan is this supported. Please help me resolve this when possible.",Product Inquiry,Critical,Open,Web,2024-07-15T03:00:00,65,4,True
SYN-00268,Screen question,"Hello support, my screen keeps failing. Please help me resolve this soon.",Technical Issue,Low,Resolved,Web,2024-07-22T18:00:00,77,4,True
SYN-01897,Guidance help,"Hello support, my guidance need some assistance. Please help me resolve this soon.",General Support,Low,Pending,Chat,2024-02-09T13:00:00,15,1,True
SYN-01461,Compatible help,"Hello support, my compatible is this supported. Please help me resolve this when possible.",Product Inquiry,High,Open,Chat,2024-02-02T23:00:00,118,3,True
SYN-00231,Screen problem,"Hello support, my screen keeps failing. Please help me resolve this today.",Technical Issue,Critical,Resolved,Email,2024-09-11T13:00:00,28,5,True
SYN-00697,Login request,"Hello support, my login reset link expired. Please help me resolve this when possible.",Account Access,Low,Resolved,Web,2024-06-18T09:00:00,20,5,True
SYN-01487,Plan request,"Hello support, my plan want to compare options. Please help me resolve this when possible.",Product Inquiry,Medium,Resolved,Web,2024-01-16T06:00:00,20,5,True
SYN-00843,Login problem,"Hello support, my login account is locked. Please help me resolve this when possible.",Account Access,Medium,Open,Phone,2024-07-14T03:00:00,38,3,True
SYN-00623,Account help,"Hello support, my account reset link expired. Please help me resolve this soon.",Account Access,High,Pending,Chat,2024-10-04T19:00:00,89,1,True
SYN-00299,Device request,"Hello support, my device shows an error. Please help me resolve this soon.",Technical Issue,High,Resolved,Phone,2024-06-30T16:00:00,36,5,True
SYN-00523,Billing help,"Hello support, my billing need a receipt. Please help me resolve this soon.",Billing Inquiry,Medium,Resolved,Email,2024-03-26T07:00:00,21,4,True
SYN-00396,Billing problem,"Hello support, my billing amount is incorrect. Please help me resolve this soon.",Billing Inquiry,Medium,Open,Web,2024-10-22T17:00:00,82,5,True
SYN-00030,Error question,"Hello support, my error shows an error. Please help me resolve this soon.",Technical Issue,High,Open,Email,2024-05-15T02:00:00,17,4,True
SYN-02044,Help request,"Hello support, my help where can I find help. Please help me resolve this soon.",General Support,Low,Pending,Email,2024-04-08T06:00:00,87,1,True
SYN-00997,Purchase problem,"Hello support, my purchase return was approved. Please help me resolve this today.",Refund Request,Low,Pending,Chat,2024-08-22T19:00:00,13,3,True
SYN-02087,Contact question,"Hello support, my contact have a general question. Please help me resolve this when possible.",General Support,Low,Closed,Phone,2024-08-06T06:00:00,31,2,True
SYN-01466,Upgrade problem,"Hello support, my upgrade which plan includes it. Please help me resolve this when possible.",Product Inquiry,High,Open,Email,2024-10-21T11:00:00,1,5,True
SYN-00214,Device question,"Hello support, my device stopped working. Please help me resolve this today.",Technical Issue,High,Open,Phone,2024-11-01T18:00:00,51,1,True
SYN-01535,Courier question,"Hello support, my courier has not arrived. Please help me resolve this soon.",Shipping Issue,Medium,Open,Email,2024-08-11T12:00:00,114,1,True
SYN-00648,Login help,"Hello support, my login account is locked. Please help me resolve this soon.",Account Access,Medium,Pending,Phone,2024-08-11T08:00:00,75,2,True
SYN-01367,Feature request,"Hello support, my feature is this supported. Please help me resolve this when possible.",Product Inquiry,Low,Resolved,Phone,2024-07-18T01:00:00,39,5,True
SYN-00672,Password help,"Hello support, my password reset link expired. Please help me resolve this soon.",Account Access,Medium,Pending,Email,2024-08-06T09:00:00,35,5,True
SYN-01901,Help help,"Hello support, my help need some assistance. Please help me resolve this when possible.",General Support,Medium,Resolved,Email,2024-04-07T02:00:00,3,5,True
SYN-00616,Verification help,"Hello support, my verification cannot sign in. Please help me resolve this today.",Account Access,Critical,Resolved,Phone,2024-01-30T09:00:00,55,3,True
SYN-00012,Device help,"Hello support, my device keeps failing. Please help me resolve this when possible.",Technical Issue,High,Open,Email,2024-05-11T08:00:00,49,5,True
SYN-00744,Verification question,"Hello support, my verification cannot sign in. Please help me resolve this soon.",Account Access,Critical,Closed,Email,2024-05-10T22:00:00,58,1,True
SYN-01292,Plan request,"Hello support, my plan need more information. Please help me resolve this today.",Product Inquiry,High,Pending,Web,2024-10-28T11:00:00,78,5,True
SYN-00342,Card problem,"Hello support, my card payment was declined. Please help me resolve this today.",Billing Inquiry,Low,Pending,Web,2024-11-09T03:00:00,105,2,True
SYN-01690,Courier request,"Hello support, my courier package was damaged. Please help me resolve this when possible.",Shipping Issue,Medium,Closed,Email,2024-11-22T16:00:00,36,1,True
SYN-00992,Purchase problem,"Hello support, my purchase return was approved. Please help me resolve this soon.",Refund Request,Critical,Open,Email,2024-05-18T08:00:00,105,2,True
SYN-00698,Password help,"Hello support, my password code never arrived. Please help me resolve this when possible.",Account Access,Low,Resolved,Chat,2024-04-28T08:00:00,54,1,True
SYN-01076,Refund request,"Hello support, my refund cancel this order. Please help me resolve this when possible.",Refund Request,Low,Pending,Phone,2024-03-05T01:00:00,71,1,True
SYN-01024,Refund question,"Hello support, my refund return was approved. Please help me resolve this soon.",Refund Request,Low,Closed,Web,2024-01-18T18:00:00,87,3,True
SYN-01763,Package request,"Hello support, my package tracking is frozen. Please help me resolve this when possible.",Shipping Issue,Critical,Resolved,Web,2024-01-30T00:00:00,70,5,True
SYN-00688,Login question,"Hello support, my login cannot sign in. Please help me resolve this today.",Account Access,Critical,Open,Web,2024-06-12T18:00:00,86,4,True
SYN-01032,Refund help,"Hello support, my refund refund is missing. Please help me resolve this soon.",Refund Request,High,Resolved,Email,2024-03-04T02:00:00,33,1,True
SYN-01174,Money help,"Hello support, my money refund is missing. Please help me resolve this today.",Refund Request,Low,Closed,Email,2024-11-24T04:00:00,53,2,True
SYN-00689,Password question,"Hello support, my password code never arrived. Please help me resolve this when possible.",Account Access,Critical,Open,Email,2024-03-04T03:00:00,102,4,True
SYN-02027,Contact problem,"Hello support, my contact need some assistance. Please help me resolve this when possible.",General Support,Medium,Closed,Chat,2024-05-21T02:00:00,108,3,True
SYN-01186,Money problem,"Hello support, my money want my money back. Please help me resolve this when possible.",Refund Request,Critical,Open,Phone,2024-07-17T03:00:00,39,2,True
SYN-00467,Invoice problem,"Hello support, my invoice payment was declined. Please help me resolve this when possible.",Billing Inquiry,Medium,Resolved,Web,2024-05-06T02:00:00,30,4,True
SYN-01409,Upgrade request,"Hello support, my upgrade need more information. Please help me resolve this today.",Product Inquiry,Critical,Resolved,Phone,2024-02-25T14:00:00,97,4,True
SYN-01489,Plan help,"Hello support, my plan is this supported. Please help me resolve this soon.",Product Inquiry,Low,Closed,Email,2024-10-05T18:00:00,100,4,True
SYN-00381,Card request,"Hello support, my card payment was declined. Please help me resolve this today.",Billing Inquiry,High,Closed,Chat,2024-10-07T05:00:00,8,5,True
SYN-00911,Return help,"Hello support, my return refund is missing. Please help me resolve this when possible.",Refund Request,High,Resolved,Email,2024-05-25T07:00:00,88,5,True
SYN-01999,Contact question,"Hello support, my contact have a general question. Please help me resolve this soon.",General Support,High,Open,Email,2024-03-07T13:00:00,41,1,True
SYN-00731,Locked problem,"Hello support, my locked reset link expired. Please help me resolve this today.",Account Access,Low,Pending,Chat,2024-06-21T08:00:00,73,3,True
SYN-00247,Error question,"Hello support, my error stopped working. Please help me resolve this soon.",Technical Issue,Critical,Closed,Phone,2024-11-08T08:00:00,31,3,True
SYN-01001,Cancel request,"Hello support, my cancel return was approved. Please help me resolve this soon.",Refund Request,Critical,Closed,Email,2024-05-23T06:00:00,106,5,True
SYN-01177,Cancel help,"Hello support, my cancel want my money back. Please help me resolve this when possible.",Refund Request,High,Open,Email,2024-10-07T13:00:00,38,5,True
SYN-00583,Card problem,"Hello support, my card need a receipt. Please help me resolve this today.",Billing Inquiry,High,Closed,Web,2024-06-25T04:00:00,98,3,True
SYN-01868,Question request,"Hello support, my question have a general question. Please help me resolve this when possible.",General Support,Low,Resolved,Phone,2024-01-25T19:00:00,31,1,True
SYN-01325,Plan help,"Hello support, my plan want to compare options. Please help me resolve this when possible.",Product Inquiry,Medium,Closed,Chat,2024-02-01T16:00:00,44,3,True
SYN-00056,Error question,"Hello support, my error keeps failing. Please help me resolve this when possible.",Technical Issue,Critical,Closed,Email,2024-05-21T14:00:00,53,2,True
SYN-00436,Payment problem,"Hello support, my payment payment was declined. Please help me resolve this when possible.",Billing Inquiry,High,Pending,Email,2024-02-19T23:00:00,108,3,True
SYN-00438,Billing question,"Hello support, my billing need a receipt. Please help me resolve this when possible.",Billing Inquiry,Low,Open,Phone,2024-05-22T04:00:00,101,2,True
SYN-00682,Password help,"Hello support, my password cannot sign in. Please help me resolve this soon.",Account Access,Medium,Resolved,Chat,2024-10-17T16:00:00,60,3,True
SYN-01685,Delivery question,"Hello support, my delivery went to wrong address. Please help me resolve this when possible.",Shipping Issue,Medium,Closed,Web,2024-09-19T22:00:00,43,4,True
SYN-01345,Compatible problem,"Hello support, my compatible want to compare options. Please help me resolve this when possible.",Product Inquiry,Low,Closed,Phone,2024-03-28T06:00:00,52,1,True
SYN-00082,Crash problem,"Hello support, my crash will not start. Please help me resolve this today.",Technical Issue,Low,Closed,Web,2024-03-22T20:00:00,23,5,True
SYN-01006,Cancel request,"Hello support, my cancel refund is missing. Please help me resolve this soon.",Refund Request,Low,Pending,Chat,2024-06-11T18:00:00,76,2,True
SYN-00343,Invoice help,"Hello support, my invoice payment was declined. Please help me resolve this today.",Billing Inquiry,Medium,Closed,Web,2024-02-11T19:00:00,6,4,True
SYN-00953,Money request,"Hello support, my money refund is missing. Please help me resolve this soon.",Refund Request,Low,Resolved,Email,2024-09-08T02:00:00,32,2,True
SYN-01408,Product help,"Hello support, my product want to compare options. Please help me resolve this when possible.",Product Inquiry,Low,Open,Chat,2024-03-08T19:00:00,27,5,True
SYN-01223,Product problem,"Hello support, my product want to compare options. Please help me resolve this soon.",Product Inquiry,Low,Resolved,Web,2024-01-06T21:00:00,57,5,True
SYN-00920,Money question,"Hello support, my money cancel this order. Please help me resolve this soon.",Refund Request,Medium,Closed,Chat,2024-08-27T00:00:00,108,2,True
SYN-00051,Error problem,"Hello support, my error keeps failing. Please help me resolve this soon.",Technical Issue,Medium,Pending,Web,2024-10-31T16:00:00,97,1,True
SYN-02095,Support question,"Hello support, my support please contact me. Please help me resolve this today.",General Support,Critical,Pending,Phone,2024-06-22T09:00:00,12,3,True
SYN-00129,Device help,"Hello support, my device shows an error. Please help me resolve this today.",Technical Issue,Low,Pending,Web,2024-06-03T20:00:00,65,4,True
SYN-00303,Payment problem,"Hello support, my payment amount is incorrect. Please help me resolve this when possible.",Billing Inquiry,Critical,Resolved,Email,2024-10-23T14:00:00,100,5,True
SYN-01698,Tracking request,"Hello support, my tracking went to wrong address. Please help me resolve this soon.",Shipping Issue,High,Pending,Chat,2024-09-23T03:00:00,15,1,True
SYN-00311,Invoice question,"Hello support, my invoice amount is incorrect. Please help me resolve this today.",Billing Inquiry,Critical,Pending,Chat,2024-04-16T22:00:00,48,1,True
SYN-01030,Cancel help,"Hello support, my cancel cancel this order. Please help me resolve this today.",Refund Request,High,Open,Chat,2024-04-05T18:00:00,45,1,True
SYN-01386,Plan question,"Hello support, my plan which plan includes it. Please help me resolve this when possible.",Product Inquiry,High,Resolved,Web,2024-02-19T11:00:00,40,3,True
SYN-00234,Error request,"Hello support, my error stopped working. Please help me resolve this today.",Technical Issue,Low,Resolved,Web,2024-06-29T12:00:00,17,5,True
SYN-01268,Plan help,"Hello support, my plan need more information. Please help me resolve this when possible.",Product Inquiry,Critical,Pending,Phone,2024-10-04T12:00:00,101,1,True
SYN-00866,Verification problem,"Hello support, my verification account is locked. Please help me resolve this today.",Account Access,Critical,Resolved,Chat,2024-05-12T00:00:00,23,4,True
SYN-02048,Help problem,"Hello support, my help need some assistance. Please help me resolve this when possible.",General Support,Low,Closed,Web,2024-05-19T02:00:00,63,5,True
SYN-00125,Crash problem,"Hello support, my crash will not start. Please help me resolve this when possible.",Technical Issue,Low,Closed,Web,2024-09-10T04:00:00,54,3,True
SYN-01396,Plan question,"Hello support, my plan which plan includes it. Please help me resolve this soon.",Product Inquiry,Low,Pending,Email,2024-03-08T22:00:00,87,4,True
SYN-00880,Login problem,"Hello support, my login code never arrived. Please help me resolve this soon.",Account Access,Critical,Closed,Web,2024-03-20T13:00:00,111,5,True
SYN-01314,Product help,"Hello support, my product want to compare options. Please help me resolve this when possible.",Product Inquiry,Critical,Closed,Chat,2024-07-21T14:00:00,74,3,True
SYN-00193,Device question,"Hello support, my device will not start. Please help me resolve this when possible.",Technical Issue,Low,Open,Email,2024-02-28T10:00:00,85,1,True
SYN-00163,Error help,"Hello support, my error shows an error. Please help me resolve this soon.",Technical Issue,Low,Open,Phone,2024-01-18T19:00:00,83,1,True
SYN-00196,Update request,"Hello support, my update stopped working. Please help me resolve this soon.",Technical Issue,Medium,Resolved,Phone,2024-06-14T06:00:00,60,3,True
SYN-01903,Support problem,"Hello support, my support where can I find help. Please help me resolve this when possible.",General Support,Low,Pending,Phone,2024-10-13T14:00:00,102,2,True
SYN-00824,Login problem,"Hello support, my login cannot sign in. Please help me resolve this when possible.",Account Access,Low,Open,Chat,2024-09-23T19:00:00,79,1,True
SYN-01893,Question problem,"Hello support, my question please contact me. Please help me resolve this soon.",General Support,Medium,Closed,Phone,2024-08-14T15:00:00,4,5,True
SYN-02039,Support request,"Hello support, my support please contact me. Please help me resolve this today.",General Support,Low,Pending,Chat,2024-08-26T11:00:00,11,4,True
SYN-00700,Locked request,"Hello support, my locked code never arrived. Please help me resolve this soon.",Account Access,Medium,Resolved,Chat,2024-06-05T07:00:00,39,4,True
SYN-00491,Billing problem,"Hello support, my billing was charged twice. Please help me resolve this today.",Billing Inquiry,High,Resolved,Phone,2024-06-25T17:00:00,2,3,True
SYN-00228,Crash request,"Hello support, my crash keeps failing. Please help me resolve this when possible.",Technical Issue,Medium,Pending,Phone,2024-10-09T21:00:00,71,5,True
SYN-00592,Billing problem,"Hello support, my billing amount is incorrect. Please help me resolve this today.",Billing Inquiry,High,Pending,Email,2024-07-24T05:00:00,77,2,True
SYN-01255,Plan problem,"Hello support, my plan is this supported. Please help me resolve this when possible.",Product Inquiry,Medium,Open,Web,2024-03-08T18:00:00,82,1,True
SYN-01156,Cancel help,"Hello support, my cancel refund is missing. Please help me resolve this soon.",Refund Request,High,Open,Chat,2024-02-18T09:00:00,2,3,True
SYN-01615,Shipment problem,"Hello support, my shipment has not arrived. Please help me resolve this soon.",Shipping Issue,Critical,Open,Chat,2024-09-13T19:00:00,56,3,True
SYN-00440,Charged problem,"Hello support, my charged amount is incorrect. Please help me resolve this soon.",Billing Inquiry,Low,Closed,Phone,2024-03-04T19:00:00,23,5,True
SYN-00506,Card request,"Hello support, my card need a receipt. Please help me resolve this today.",Billing Inquiry,Medium,Closed,Email,2024-10-19T06:00:00,49,2,True
SYN-00037,Error problem,"Hello support, my error keeps failing. Please help me resolve this soon.",Technical Issue,Medium,Pending,Email,2024-04-15T05:00:00,47,3,True
SYN-00046,Update request,"Hello support, my update shows an error. Please help me resolve this soon.",Technical Issue,Critical,Pending,Phone,2024-07-08T05:00:00,17,4,True
SYN-01537,Delivery question,"Hello support, my delivery went to wrong address. Please help me resolve this when possible.",Shipping Issue,Low,Resolved,Phone,2024-07-19T18:00:00,99,4,True
SYN-01858,Support problem,"Hello support, my support have a general question. Please help me resolve this soon.",General Support,High,Closed,Email,2024-05-14T15:00:00,40,3,True
SYN-01914,Question help,"Hello support, my question need some assistance. Please help me resolve this when possible.",General Support,Medium,Open,Web,2024-10-02T03:00:00,117,4,True
SYN-00561,Billing problem,"Hello support, my billing payment was declined. Please help me resolve this today.",Billing Inquiry,Critical,Closed,Phone,2024-08-21T17:00:00,119,3,True
SYN-01908,Guidance problem,"Hello support, my guidance need some assistance. Please help me resolve this soon.",General Support,Critical,Open,Web,2024-05-31T05:00:00,93,2,True
SYN-01919,Contact request,"Hello support, my contact have a general question. Please help me resolve this today.",General Support,Low,Closed,Chat,2024-02-08T23:00:00,91,3,True
SYN-00728,Password problem,"Hello support, my password cannot sign in. Please help me resolve this soon.",Account Access,Low,Resolved,Email,2024-01-12T04:00:00,102,1,True
SYN-01413,Plan request,"Hello support, my plan need more information. Please help me resolve this today.",Product Inquiry,Low,Pending,Chat,2024-02-18T00:00:00,109,2,True
SYN-00640,Password problem,"Hello support, my password cannot sign in. Please help me resolve this soon.",Account Access,Critical,Open,Chat,2024-08-12T00:00:00,38,5,True
SYN-00144,Device help,"Hello support, my device stopped working. Please help me resolve this soon.",Technical Issue,Low,Closed,Email,2024-07-14T17:00:00,52,3,True
SYN-02008,Contact request,"Hello support, my contact where can I find help. Please help me resolve this today.",General Support,Low,Open,Chat,2024-01-08T23:00:00,89,4,True
SYN-00921,Purchase request,"Hello support, my purchase refund is missing. Please help me resolve this when possible.",Refund Request,Low,Closed,Email,2024-06-05T06:00:00,50,2,True
SYN-00559,Billing question,"Hello support, my billing amount is incorrect. Please help me resolve this today.",Billing Inquiry,Critical,Closed,Chat,2024-07-06T02:00:00,52,2,True
SYN-01115,Cancel request,"Hello support, my cancel return was approved. Please help me resolve this when possible.",Refund Request,Critical,Resolved,Email,2024-07-01T18:00:00,108,3,True
SYN-01866,Support request,"Hello support, my support please contact me. Please help me resolve this soon.",General Support,Low,Open,Web,2024-03-01T16:00:00,65,3,True
SYN-00942,Return request,"Hello support, my return want my money back. Please help me resolve this when possible.",Refund Request,Medium,Closed,Phone,2024-11-05T11:00:00,118,2,True
SYN-00986,Money request,"Hello support, my money refund is missing. Please help me resolve this today.",Refund Request,Low,Resolved,Web,2024-08-19T22:00:00,108,2,True
SYN-01878,Contact problem,"Hello support, my contact have a general question. Please help me resolve this soon.",General Support,Medium,Open,Web,2024-10-21T11:00:00,74,4,True
SYN-00973,Cancel problem,"Hello support, my cancel refund is missing. Please help me resolve this when possible.",Refund Request,Medium,Closed,Email,2024-11-20T18:00:00,115,3,True
SYN-01521,Package question,"Hello support, my package went to wrong address. Please help me resolve this when possible.",Shipping Issue,Low,Closed,Phone,2024-03-06T13:00:00,66,2,True
SYN-00076,Device request,"Hello support, my device shows an error. Please help me resolve this soon.",Technical Issue,Medium,Resolved,Chat,2024-02-04T07:00:00,107,3,True
SYN-01067,Purchase request,"Hello support, my purchase want my money back. Please help me resolve this today.",Refund Request,Medium,Resolved,Chat,2024-06-11T18:00:00,108,1,True
SYN-01228,Compatible help,"Hello support, my compatible which plan includes it. Please help me resolve this today.",Product Inquiry,Low,Pending,Chat,2024-02-07T06:00:00,10,3,True
SYN-01251,Feature request,"Hello support, my feature which plan includes it. Please help me resolve this when possible.",Product Inquiry,Low,Resolved,Chat,2024-10-01T07:00:00,11,5,True
SYN-00598,Card question,"Hello support, my card payment was declined. Please help me resolve this today.",Billing Inquiry,Critical,Closed,Web,2024-03-29T15:00:00,68,2,True
SYN-00509,Payment question,"Hello support, my payment payment was declined. Please help me resolve this soon.",Billing Inquiry,Low,Closed,Email,2024-07-10T06:00:00,72,3,True
SYN-00180,Update problem,"Hello support, my update shows an error. Please help me resolve this today.",Technical Issue,Critical,Resolved,Chat,2024-08-06T06:00:00,102,1,True
SYN-01645,Package question,"Hello support, my package tracking is frozen. Please help me resolve this today.",Shipping Issue,Low,Pending,Email,2024-03-19T04:00:00,53,5,True
SYN-00807,Password question,"Hello support, my password reset link expired. Please help me resolve this when possible.",Account Access,Low,Closed,Email,2024-01-27T16:00:00,96,1,True
SYN-00321,Billing problem,"Hello support, my billing was charged twice. Please help me resolve this soon.",Billing Inquiry,Low,Closed,Email,2024-01-20T18:00:00,32,3,True
SYN-00211,Device help,"Hello support, my device stopped working. Please help me resolve this when possible.",Technical Issue,High,Resolved,Phone,2024-04-17T02:00:00,23,5,True
SYN-01340,Compatible problem,"Hello support, my compatible which plan includes it. Please help me resolve this when possible.",Product Inquiry,Critical,Pending,Phone,2024-06-20T04:00:00,86,3,True
SYN-01000,Cancel request,"Hello support, my cancel refund is missing. Please help me resolve this when possible.",Refund Request,Medium,Open,Phone,2024-11-16T22:00:00,89,2,True
SYN-00264,Update help,"Hello support, my update stopped working. Please help me resolve this soon.",Technical Issue,Medium,Closed,Email,2024-03-18T20:00:00,46,5,True
SYN-00574,Charged request,"Hello support, my charged was charged twice. Please help me resolve this today.",Billing Inquiry,High,Pending,Web,2024-08-10T17:00:00,18,2,True
SYN-01963,Help problem,"Hello support, my help where can I find help. Please help me resolve this today.",General Support,High,Pending,Phone,2024-06-14T17:00:00,1,5,True
SYN-01307,Plan question,"Hello support, my plan is this supported. Please help me resolve this when possible.",Product Inquiry,Critical,Resolved,Email,2024-03-01T10:00:00,38,4,True
SYN-01791,Tracking request,"Hello support, my tracking tracking is frozen. Please help me resolve this today.",Shipping Issue,Medium,Closed,Phone,2024-07-26T01:00:00,78,3,True
SYN-01833,Support request,"Hello support, my support where can I find help. Please help me resolve this when possible.",General Support,Critical,Open,Web,2024-01-10T22:00:00,44,5,True
SYN-01810,Question request,"Hello support, my question where can I find help. Please help me resolve this soon.",General Support,High,Pending,Web,2024-04-26T12:00:00,4,3,True
SYN-01337,Compatible problem,"Hello support, my compatible need more information. Please help me resolve this soon.",Product Inquiry,High,Closed,Web,2024-05-10T08:00:00,66,1,True
SYN-00910,Purchase request,"Hello support, my purchase want my money back. Please help me resolve this soon.",Refund Request,Low,Closed,Phone,2024-05-07T21:00:00,18,3,True
SYN-01037,Money problem,"Hello support, my money want my money back. Please help me resolve this today.",Refund Request,High,Pending,Phone,2024-06-13T19:00:00,54,1,True
SYN-00362,Invoice question,"Hello support, my invoice payment was declined. Please help me resolve this today.",Billing Inquiry,Low,Resolved,Chat,2024-01-07T20:00:00,41,4,True
SYN-01349,Upgrade request,"Hello support, my upgrade which plan includes it. Please help me resolve this when possible.",Product Inquiry,Critical,Closed,Phone,2024-03-01T23:00:00,111,2,True
SYN-00435,Invoice problem,"Hello support, my invoice amount is incorrect. Please help me resolve this when possible.",Billing Inquiry,Low,Pending,Phone,2024-05-10T00:00:00,19,2,True
SYN-00008,Error question,"Hello support, my error will not start. Please help me resolve this when possible.",Technical Issue,Medium,Resolved,Email,2024-06-06T18:00:00,49,2,True
SYN-01149,Purchase request,"Hello support, my purchase want my money back. Please help me resolve this today.",Refund Request,Critical,Closed,Phone,2024-04-30T23:00:00,56,1,True
SYN-01557,Shipment question,"Hello support, my shipment tracking is frozen. Please help me resolve this today.",Shipping Issue,High,Closed,Phone,2024-07-21T16:00:00,57,2,True
SYN-01564,Tracking question,"Hello support, my tracking has not arrived. Please help me resolve this today.",Shipping Issue,Medium,Open,Email,2024-09-17T08:00:00,117,1,True
SYN-01106,Purchase help,"Hello support, my purchase want my money back. Please help me resolve this today.",Refund Request,Medium,Closed,Web,2024-08-15T21:00:00,38,1,True
SYN-00525,Payment help,"Hello support, my payment amount is incorrect. Please help me resolve this soon.",Billing Inquiry,Critical,Pending,Phone,2024-08-05T09:00:00,59,1,True
SYN-00340,Charged help,"Hello support, my charged amount is incorrect. Please help me resolve this when possible.",Billing Inquiry,Medium,Open,Web,2024-11-20T23:00:00,52,1,True
SYN-02094,Support question,"Hello support, my support have a general question. Please help me resolve this soon.",General Support,High,Open,Email,2024-01-27T23:00:00,23,5,True
SYN-01056,Refund question,"Hello support, my refund return was approved. Please help me resolve this today.",Refund Request,High,Open,Phone,2024-02-04T17:00:00,37,1,True
SYN-01055,Money question,"Hello support, my money refund is missing. Please help me resolve this today.",Refund Request,Critical,Open,Web,2024-02-20T07:00:00,46,2,True
SYN-00581,Charged problem,"Hello support, my charged need a receipt. Please help me resolve this when possible.",Billing Inquiry,Critical,Resolved,Web,2024-05-18T04:00:00,100,5,True
SYN-00371,Invoice help,"Hello support, my invoice need a receipt. Please help me resolve this when possible.",Billing Inquiry,Critical,Pending,Web,2024-10-06T08:00:00,67,3,True
SYN-01916,Contact problem,"Hello support, my contact need some assistance. Please help me resolve this when possible.",General Support,Low,Resolved,Email,2024-02-20T13:00:00,76,4,True
SYN-01210,Compatible question,"Hello support, my compatible which plan includes it. Please help me resolve this when possible.",Product Inquiry,Medium,Resolved,Chat,2024-01-15T22:00:00,41,5,True
SYN-02055,Support problem,"Hello support, my support please contact me. Please help me resolve this today.",General Support,Low,Open,Web,2024-10-19T04:00:00,13,1,True
SYN-01414,Product request,"Hello support, my product need more information. Please help me resolve this when possible.",Product Inquiry,High,Resolved,Web,2024-01-21T21:00:00,77,2,True
SYN-01190,Cancel help,"Hello support, my cancel cancel this order. Please help me resolve this today.",Refund Request,Low,Open,Chat,2024-07-18T12:00:00,80,2,True
SYN-00054,Screen question,"Hello support, my screen stopped working. Please help me resolve this soon.",Technical Issue,Low,Resolved,Chat,2024-08-01T22:00:00,31,3,True
SYN-00778,Login question,"Hello support, my login code never arrived. Please help me resolve this today.",Account Access,Low,Resolved,Chat,2024-07-29T22:00:00,55,5,True
SYN-01902,Support question,"Hello support, my support have a general question. Please help me resolve this soon.",General Support,Medium,Open,Chat,2024-02-21T05:00:00,77,3,True
SYN-01780,Delivery problem,"Hello support, my delivery went to wrong address. Please help me resolve this soon.",Shipping Issue,Medium,Pending,Chat,2024-08-22T10:00:00,82,2,True
SYN-01678,Shipment question,"Hello support, my shipment tracking is frozen. Please help me resolve this soon.",Shipping Issue,High,Open,Email,2024-01-12T03:00:00,18,2,True
SYN-01953,Support question,"Hello support, my support please contact me. Please help me resolve this today.",General Support,Low,Closed,Phone,2024-06-18T03:00:00,19,1,True
SYN-00295,Screen help,"Hello support, my screen will not start. Please help me resolve this when possible.",Technical Issue,Low,Open,Phone,2024-09-23T11:00:00,59,5,True
SYN-01152,Return problem,"Hello support, my return want my money back. Please help me resolve this today.",Refund Request,High,Pending,Email,2024-03-15T22:00:00,15,5,True
SYN-01737,Package request,"Hello support, my package has not arrived. Please help me resolve this today.",Shipping Issue,High,Closed,Phone,2024-06-13T04:00:00,25,3,True
SYN-01492,Upgrade problem,"Hello support, my upgrade which plan includes it. Please help me resolve this soon.",Product Inquiry,Medium,Open,Web,2024-02-07T00:00:00,98,2,True
SYN-00519,Card help,"Hello support, my card need a receipt. Please help me resolve this when possible.",Billing Inquiry,High,Resolved,Web,2024-08-03T09:00:00,96,5,True
SYN-01028,Money problem,"Hello support, my money want my money back. Please help me resolve this today.",Refund Request,Critical,Closed,Phone,2024-07-29T10:00:00,26,2,True
SYN-00257,Crash help,"Hello support, my crash shows an error. Please help me resolve this when possible.",Technical Issue,Medium,Pending,Phone,2024-11-23T10:00:00,52,1,True
SYN-01051,Return question,"Hello support, my return return was approved. Please help me resolve this today.",Refund Request,Low,Open,Email,2024-09-19T20:00:00,11,5,True
SYN-00621,Login problem,"Hello support, my login code never arrived. Please help me resolve this soon.",Account Access,Low,Resolved,Web,2024-10-06T01:00:00,92,4,True
SYN-01058,Purchase problem,"Hello support, my purchase cancel this order. Please help me resolve this soon.",Refund Request,Critical,Resolved,Phone,2024-04-28T21:00:00,113,1,True
SYN-02068,Help help,"Hello support, my help have a general question. Please help me resolve this today.",General Support,Low,Open,Chat,2024-02-27T09:00:00,93,5,True
SYN-00488,Invoice help,"Hello support, my invoice amount is incorrect. Please help me resolve this when possible.",Billing Inquiry,High,Open,Chat,2024-09-04T07:00:00,50,4,True
SYN-01664,Shipment request,"Hello support, my shipment went to wrong address. Please help me resolve this today.",Shipping Issue,Critical,Resolved,Web,2024-02-19T03:00:00,19,2,True
SYN-00842,Verification request,"Hello support, my verification code never arrived. Please help me resolve this when possible.",Account Access,High,Open,Web,2024-01-12T03:00:00,96,1,True
SYN-01044,Refund request,"Hello support, my refund want my money back. Please help me resolve this when possible.",Refund Request,High,Pending,Phone,2024-10-08T05:00:00,46,1,True
SYN-00377,Billing question,"Hello support, my billing need a receipt. Please help me resolve this soon.",Billing Inquiry,Medium,Closed,Email,2024-01-13T18:00:00,23,4,True
SYN-00950,Return question,"Hello support, my return return was approved. Please help me resolve this soon.",Refund Request,Critical,Closed,Web,2024-01-02T10:00:00,2,3,True
SYN-01188,Refund question,"Hello support, my refund return was approved. Please help me resolve this when possible.",Refund Request,High,Closed,Chat,2024-08-11T21:00:00,20,3,True
SYN-00984,Cancel question,"Hello support, my cancel want my money back. Please help me resolve this soon.",Refund Request,Medium,Pending,Web,2024-10-17T01:00:00,120,4,True
SYN-00743,Verification help,"Hello support, my verification code never arrived. Please help me resolve this soon.",Account Access,High,Resolved,Email,2024-03-09T22:00:00,38,1,True
SYN-01931,Question question,"Hello support, my question have a general question. Please help me resolve this when possible.",General Support,Low,Closed,Email,2024-09-08T13:00:00,89,1,True
SYN-01260,Product request,"Hello support, my product want to compare options. Please help me resolve this today.",Product Inquiry,High,Resolved,Chat,2024-07-24T03:00:00,53,4,True
SYN-00026,Update help,"Hello support, my update shows an error. Please help me resolve this today.",Technical Issue,Medium,Resolved,Chat,2024-05-24T09:00:00,90,1,True
SYN-01788,Courier question,"Hello support, my courier tracking is frozen. Please help me resolve this today.",Shipping Issue,Low,Open,Phone,2024-05-13T17:00:00,48,5,True
SYN-01164,Return question,"Hello support, my return want my money back. Please help me resolve this when possible.",Refund Request,Low,Closed,Web,2024-07-16T19:00:00,67,5,True
SYN-00201,Screen help,"Hello support, my screen stopped working. Please help me resolve this soon.",Technical Issue,Low,Open,Web,2024-07-22T22:00:00,113,2,True
SYN-00207,Crash problem,"Hello support, my crash shows an error. Please help me resolve this soon.",Technical Issue,High,Open,Web,2024-04-23T01:00:00,87,3,True
SYN-00485,Card question,"Hello support, my card need a receipt. Please help me resolve this when possible.",Billing Inquiry,Critical,Pending,Email,2024-03-27T14:00:00,40,2,True
SYN-01703,Delivery question,"Hello support, my delivery package was damaged. Please help me resolve this today.",Shipping Issue,High,Open,Phone,2024-08-16T00:00:00,79,2,True
SYN-00301,Charged help,"Hello support, my charged payment was declined. Please help me resolve this soon.",Billing Inquiry,Medium,Resolved,Web,2024-10-09T18:00:00,32,4,True
SYN-01199,Return question,"Hello support, my return want my money back. Please help me resolve this today.",Refund Request,Medium,Resolved,Phone,2024-07-24T07:00:00,70,4,True
SYN-00431,Billing help,"Hello support, my billing payment was declined. Please help me resolve this soon.",Billing Inquiry,Medium,Resolved,Web,2024-06-21T01:00:00,113,3,True
SYN-02099,Support problem,"Hello support, my support please contact me. Please help me resolve this soon.",General Support,Critical,Pending,Web,2024-03-13T20:00:00,92,2,True
SYN-01990,Help request,"Hello support, my help please contact me. Please help me resolve this soon.",General Support,Low,Resolved,Web,2024-04-17T08:00:00,62,2,True
SYN-00888,Login problem,"Hello support, my login code never arrived. Please help me resolve this soon.",Account Access,Medium,Open,Chat,2024-10-26T01:00:00,102,2,True
SYN-00480,Card problem,"Hello support, my card need a receipt. Please help me resolve this when possible.",Billing Inquiry,Critical,Pending,Web,2024-05-06T10:00:00,112,4,True
SYN-00084,Screen request,"Hello support, my screen will not start. Please help me resolve this when possible.",Technical Issue,Medium,Resolved,Chat,2024-05-25T02:00:00,15,1,True
SYN-01308,Plan help,"Hello support, my plan which plan includes it. Please help me resolve this when possible.",Product Inquiry,Medium,Open,Web,2024-04-29T01:00:00,99,2,True
SYN-00947,Money help,"Hello support, my money refund is missing. Please help me resolve this today.",Refund Request,Critical,Open,Web,2024-05-24T06:00:00,65,4,True
SYN-00339,Payment request,"Hello support, my payment was charged twice. Please help me resolve this soon.",Billing Inquiry,Critical,Open,Phone,2024-02-01T03:00:00,92,3,True
SYN-00595,Payment question,"Hello support, my payment amount is incorrect. Please help me resolve this soon.",Billing Inquiry,High,Closed,Email,2024-02-01T18:00:00,99,4,True
SYN-00032,Error help,"Hello support, my error shows an error. Please help me resolve this when possible.",Technical Issue,High,Open,Phone,2024-04-07T06:00:00,21,1,True
SYN-00546,Payment problem,"Hello support, my payment amount is incorrect. Please help me resolve this today.",Billing Inquiry,Medium,Closed,Chat,2024-11-18T10:00:00,28,2,True
SYN-00255,Device question,"Hello support, my device stopped working. Please help me resolve this when possible.",Technical Issue,High,Open,Web,2024-01-05T01:00:00,3,2,True
SYN-01417,Feature help,"Hello support, my feature which plan includes it. Please help me resolve this today.",Product Inquiry,Medium,Closed,Email,2024-01-10T17:00:00,114,5,True
SYN-01806,Support help,"Hello support, my support have a general question. Please help me resolve this when possible.",General Support,Low,Closed,Email,2024-09-21T23:00:00,56,5,True
SYN-00663,Verification question,"Hello support, my verification cannot sign in. Please help me resolve this soon.",Account Access,Critical,Open,Email,2024-09-27T14:00:00,70,3,True
SYN-01163,Money question,"Hello support, my money return was approved. Please help me resolve this soon.",Refund Request,Critical,Closed,Phone,2024-03-31T13:00:00,117,3,True
SYN-01180,Return request,"Hello support, my return want my money back. Please help me resolve this today.",Refund Request,Low,Closed,Email,2024-06-26T10:00:00,13,5,True
SYN-01406,Compatible question,"Hello support, my compatible which plan includes it. Please help me resolve this today.",Product Inquiry,Medium,Resolved,Email,2024-02-25T17:00:00,55,2,True
SYN-01241,Product problem,"Hello support, my product is this supported. Please help me resolve this soon.",Product Inquiry,High,Open,Email,2024-08-31T00:00:00,38,1,True
SYN-01814,Question problem,"Hello support, my question where can I find help. Please help me resolve this today.",General Support,Critical,Closed,Web,2024-09-13T19:00:00,29,1,True
SYN-00244,Crash problem,"Hello support, my crash stopped working. Please help me resolve this when possible.",Technical Issue,Medium,Open,Phone,2024-10-16T03:00:00,48,4,True
SYN-00477,Card question,"Hello support, my card payment was declined. Please help me resolve this soon.",Billing Inquiry,Low,Pending,Web,2024-02-27T05:00:00,93,4,True
SYN-00987,Refund question,"Hello support, my refund want my money back. Please help me resolve this when possible.",Refund Request,Critical,Pending,Web,2024-06-24T22:00:00,84,2,True
SYN-00181,Error problem,"Hello support, my error stopped working. Please help me resolve this today.",Technical Issue,High,Resolved,Web,2024-01-12T21:00:00,17,5,True
SYN-00831,Login question,"Hello support, my login account is locked. Please help me resolve this when possible.",Account Access,High,Resolved,Email,2024-05-23T02:00:00,52,3,True
SYN-00090,Update question,"Hello support, my update keeps failing. Please help me resolve this soon.",Technical Issue,High,Open,Web,2024-06-04T05:00:00,12,5,True
SYN-00850,Locked problem,"Hello support, my locked reset link expired. Please help me resolve this today.",Account Access,Medium,Open,Phone,2024-09-13T04:00:00,61,2,True
SYN-01872,Question request,"Hello support, my question please contact me. Please help me resolve this soon.",General Support,High,Pending,Email,2024-10-15T18:00:00,66,5,True
SYN-01542,Delivery request,"Hello support, my delivery has not arrived. Please help me resolve this soon.",Shipping Issue,High,Pending,Email,2024-05-13T13:00:00,61,4,True
SYN-00758,Password help,"Hello support, my password code never arrived. Please help me resolve this soon.",Account Access,Critical,Open,Chat,2024-03-13T16:00:00,85,3,True
SYN-00932,Return problem,"Hello support, my return return was approved. Please help me resolve this soon.",Refund Request,High,Pending,Chat,2024-01-16T00:00:00,54,5,True
SYN-01599,Delivery question,"Hello support, my delivery package was damaged. Please help me resolve this today.",Shipping Issue,Critical,Open,Phone,2024-05-09T15:00:00,96,3,True
SYN-01143,Cancel request,"Hello support, my cancel want my money back. Please help me resolve this when possible.",Refund Request,Medium,Open,Email,2024-04-30T11:00:00,72,4,True
SYN-00123,Error request,"Hello support, my error keeps failing. Please help me resolve this today.",Technical Issue,High,Pending,Email,2024-04-04T15:00:00,110,1,True
SYN-00294,Device request,"Hello support, my device keeps failing. Please help me resolve this soon.",Technical Issue,Low,Resolved,Chat,2024-09-28T15:00:00,98,5,True
SYN-01975,Question problem,"Hello support, my question where can I find help. Please help me resolve this today.",General Support,Low,Pending,Phone,2024-01-26T23:00:00,19,2,True
SYN-00823,Account question,"Hello support, my account cannot sign in. Please help me resolve this today.",Account Access,Low,Open,Web,2024-09-19T20:00:00,113,4,True
SYN-00216,Crash request,"Hello support, my crash will not start. Please help me resolve this when possible.",Technical Issue,Medium,Open,Email,2024-03-23T18:00:00,7,4,True
SYN-00526,Charged problem,"Hello support, my charged amount is incorrect. Please help me resolve this today.",Billing Inquiry,Low,Resolved,Phone,2024-11-26T23:00:00,69,2,True
SYN-00836,Verification problem,"Hello support, my verification account is locked. Please help me resolve this soon.",Account Access,High,Pending,Chat,2024-07-14T09:00:00,95,3,True
SYN-00504,Card help,"Hello support, my card payment was declined. Please help me resolve this soon.",Billing Inquiry,Medium,Closed,Phone,2024-05-04T21:00:00,24,3,True
SYN-00979,Money request,"Hello support, my money return was approved. Please help me resolve this when possible.",Refund Request,Low,Resolved,Phone,2024-07-24T07:00:00,37,5,True
SYN-00669,Login problem,"Hello support, my login reset link expired. Please help me resolve this soon.",Account Access,Medium,Closed,Chat,2024-04-24T12:00:00,9,3,True
SYN-01864,Contact help,"Hello support, my contact where can I find help. Please help me resolve this soon.",General Support,Critical,Resolved,Phone,2024-01-20T22:00:00,42,2,True
SYN-01633,Tracking problem,"Hello support, my tracking package was damaged. Please help me resolve this today.",Shipping Issue,Low,Resolved,Web,2024-03-10T08:00:00,70,1,True
SYN-00601,Account question,"Hello support, my account cannot sign in. Please help me resolve this today.",Account Access,Low,Resolved,Phone,2024-04-15T01:00:00,39,4,True
SYN-01503,Courier question,"Hello support, my courier went to wrong address. Please help me resolve this when possible.",Shipping Issue,Medium,Closed,Phone,2024-03-17T09:00:00,19,2,True
SYN-00392,Billing request,"Hello support, my billing need a receipt. Please help me resolve this soon.",Billing Inquiry,Medium,Closed,Phone,2024-09-08T11:00:00,5,5,True
SYN-00383,Payment help,"Hello support, my payment was charged twice. Please help me resolve this when possible.",Billing Inquiry,Critical,Open,Email,2024-04-03T12:00:00,48,2,True
SYN-00926,Money request,"Hello support, my money refund is missing. Please help me resolve this when possible.",Refund Request,Critical,Pending,Web,2024-01-24T06:00:00,11,3,True
SYN-01247,Plan request,"Hello support, my plan which plan includes it. Please help me resolve this today.",Product Inquiry,High,Resolved,Email,2024-06-15T02:00:00,57,2,True
SYN-00863,Verification question,"Hello support, my verification account is locked. Please help me resolve this soon.",Account Access,Medium,Closed,Phone,2024-03-24T22:00:00,85,1,True
SYN-01715,Courier problem,"Hello support, my courier tracking is frozen. Please help me resolve this today.",Shipping Issue,Low,Resolved,Phone,2024-07-17T17:00:00,103,5,True
SYN-01369,Product help,"Hello support, my product is this supported. Please help me resolve this today.",Product Inquiry,Critical,Closed,Email,2024-10-24T05:00:00,68,1,True
SYN-01372,Product problem,"Hello support, my product need more information. Please help me resolve this soon.",Product Inquiry,Low,Open,Web,2024-11-20T23:00:00,43,5,True
SYN-00293,Device help,"Hello support, my device stopped working. Please help me resolve this soon.",Technical Issue,Critical,Closed,Chat,2024-05-19T15:00:00,88,1,True
SYN-00154,Device question,"Hello support, my device will not start. Please help me resolve this soon.",Technical Issue,Critical,Resolved,Email,2024-05-04T05:00:00,48,3,True
SYN-01281,Feature question,"Hello support, my feature want to compare options. Please help me resolve this when possible.",Product Inquiry,High,Resolved,Chat,2024-04-10T10:00:00,93,2,True
SYN-01789,Delivery question,"Hello support, my delivery has not arrived. Please help me resolve this today.",Shipping Issue,High,Pending,Chat,2024-10-24T05:00:00,68,4,True
SYN-01809,Guidance problem,"Hello support, my guidance have a general question. Please help me resolve this soon.",General Support,Low,Resolved,Web,2024-08-12T08:00:00,115,1,True
SYN-00587,Invoice help,"Hello support, my invoice amount is incorrect. Please help me resolve this when possible.",Billing Inquiry,High,Open,Web,2024-02-08T23:00:00,91,5,True
SYN-01816,Guidance problem,"Hello support, my guidance please contact me. Please help me resolve this today.",General Support,Low,Closed,Email,2024-10-08T02:00:00,106,5,True
SYN-01567,Tracking help,"Hello support, my tracking has not arrived. Please help me resolve this today.",Shipping Issue,High,Open,Phone,2024-03-12T06:00:00,30,5,True
SYN-00503,Card question,"Hello support, my card amount is incorrect. Please help me resolve this today.",Billing Inquiry,High,Pending,Phone,2024-04-21T01:00:00,47,4,True
SYN-00805,Login help,"Hello support, my login cannot sign in. Please help me resolve this today.",Account Access,Medium,Closed,Email,2024-02-08T21:00:00,95,1,True
SYN-00441,Payment question,"Hello support, my payment was charged twice. Please help me resolve this today.",Billing Inquiry,High,Closed,Chat,2024-02-24T22:00:00,75,1,True
SYN-01093,Refund question,"Hello support, my refund refund is missing. Please help me resolve this soon.",Refund Request,Critical,Pending,Email,2024-01-22T07:00:00,120,2,True
SYN-01481,Feature help,"Hello support, my feature want to compare options. Please help me resolve this when possible.",Product Inquiry,Critical,Resolved,Web,2024-02-05T14:00:00,42,3,True
SYN-00859,Password request,"Hello support, my password reset link expired. Please help me resolve this today.",Account Access,Critical,Closed,Email,2024-05-07T10:00:00,70,1,True
SYN-01765,Delivery problem,"Hello support, my delivery package was damaged. Please help me resolve this when possible.",Shipping Issue,Low,Open,Phone,2024-06-08T12:00:00,4,2,True
SYN-01827,Help problem,"Hello support, my help please contact me. Please help me resolve this when possible.",General Support,Medium,Resolved,Email,2024-04-14T19:00:00,34,2,True
SYN-02033,Question problem,"Hello support, my question need some assistance. Please help me resolve this soon.",General Support,Critical,Resolved,Email,2024-04-22T22:00:00,43,4,True
SYN-01673,Tracking problem,"Hello support, my tracking package was damaged. Please help me resolve this soon.",Shipping Issue,Low,Closed,Web,2024-11-19T18:00:00,119,4,True
SYN-00753,Account question,"Hello support, my account code never arrived. Please help me resolve this today.",Account Access,High,Resolved,Web,2024-06-20T14:00:00,104,2,True
SYN-01265,Upgrade help,"Hello support, my upgrade is this supported. Please help me resolve this when possible.",Product Inquiry,Medium,Resolved,Chat,2024-02-23T14:00:00,108,3,True
SYN-00711,Account question,"Hello support, my account cannot sign in. Please help me resolve this soon.",Account Access,Critical,Open,Chat,2024-04-07T03:00:00,45,4,True
SYN-01133,Money help,"Hello support, my money return was approved. Please help me resolve this today.",Refund Request,Low,Resolved,Email,2024-07-24T06:00:00,42,5,True
SYN-00660,Login question,"Hello support, my login cannot sign in. Please help me resolve this today.",Account Access,Critical,Resolved,Chat,2024-05-04T16:00:00,69,2,True
SYN-00732,Password problem,"Hello support, my password cannot sign in. Please help me resolve this today.",Account Access,Critical,Resolved,Chat,2024-11-28T07:00:00,93,4,True
SYN-00186,Screen question,"Hello support, my screen shows an error. Please help me resolve this soon.",Technical Issue,Medium,Pending,Phone,2024-08-30T04:00:00,9,5,True
SYN-01932,Support request,"Hello support, my support have a general question. Please help me resolve this today.",General Support,Medium,Closed,Email,2024-10-28T13:00:00,56,5,True
SYN-01395,Plan request,"Hello support, my plan want to compare options. Please help me resolve this today.",Product Inquiry,High,Closed,Chat,2024-09-12T01:00:00,114,4,True
SYN-00493,Card question,"Hello support, my card amount is incorrect. Please help me resolve this soon.",Billing Inquiry,Low,Resolved,Phone,2024-07-09T16:00:00,10,4,True
SYN-01364,Upgrade request,"Hello support, my upgrade which plan includes it. Please help me resolve this today.",Product Inquiry,High,Open,Chat,2024-07-21T21:00:00,5,3,True
SYN-01450,Upgrade question,"Hello support, my upgrade is this supported. Please help me resolve this today.",Product Inquiry,Low,Closed,Phone,2024-04-18T01:00:00,107,5,True
SYN-00513,Payment help,"Hello support, my payment payment was declined. Please help me resolve this soon.",Billing Inquiry,Critical,Resolved,Web,2024-08-30T11:00:00,35,4,True
SYN-00896,Verification request,"Hello support, my verification reset link expired. Please help me resolve this when possible.",Account Access,High,Pending,Phone,2024-11-10T08:00:00,6,2,True
SYN-00940,Refund help,"Hello support, my refund return was approved. Please help me resolve this when possible.",Refund Request,High,Pending,Phone,2024-11-11T04:00:00,93,3,True
SYN-01824,Support problem,"Hello support, my support where can I find help. Please help me resolve this soon.",General Support,Low,Pending,Chat,2024-02-07T02:00:00,60,1,True
SYN-00189,Update problem,"Hello support, my update stopped working. Please help me resolve this today.",Technical Issue,High,Open,Web,2024-09-19T12:00:00,53,4,True
SYN-01655,Package request,"Hello support, my package has not arrived. Please help me resolve this today.",Shipping Issue,Medium,Closed,Chat,2024-04-17T08:00:00,63,4,True
SYN-01848,Support problem,"Hello support, my support where can I find help. Please help me resolve this when possible.",General Support,Low,Pending,Phone,2024-07-13T06:00:00,5,5,True
SYN-00895,Password request,"Hello support, my password reset link expired. Please help me resolve this when possible.",Account Access,Critical,Resolved,Phone,2024-09-28T07:00:00,25,5,True
SYN-01968,Contact request,"Hello support, my contact where can I find help. Please help me resolve this soon.",General Support,High,Resolved,Email,2024-09-24T08:00:00,17,1,True
SYN-00208,Device help,"Hello support, my device will not start. Please help me resolve this today.",Technical Issue,Critical,Pending,Chat,2024-09-03T05:00:00,7,1,True
SYN-00052,Device problem,"Hello support, my device will not start. Please help me resolve this soon.",Technical Issue,Medium,Closed,Phone,2024-11-09T03:00:00,109,4,True
SYN-01996,Contact problem,"Hello support, my contact need some assistance. Please help me resolve this when possible.",General Support,Critical,Closed,Email,2024-01-16T11:00:00,117,1,True
SYN-01926,Help problem,"Hello support, my help please contact me. Please help me resolve this soon.",General Support,Medium,Open,Phone,2024-03-26T02:00:00,86,5,True
SYN-00402,Charged problem,"Hello support, my charged payment was declined. Please help me resolve this soon.",Billing Inquiry,High,Pending,Email,2024-04-16T12:00:00,17,1,True
SYN-00989,Money help,"Hello support, my money cancel this order. Please help me resolve this soon.",Refund Request,Low,Open,Email,2024-08-03T20:00:00,84,1,True
SYN-00714,Account help,"Hello support, my account code never arrived. Please help me resolve this when possible.",Account Access,Medium,Pending,Chat,2024-02-29T16:00:00,72,4,True
SYN-01985,Help problem,"Hello support, my help need some assistance. Please help me resolve this when possible.",General Support,Low,Closed,Web,2024-10-19T19:00:00,118,4,True
SYN-00424,Card help,"Hello support, my card was charged twice. Please help me resolve this soon.",Billing Inquiry,High,Open,Chat,2024-08-11T10:00:00,86,4,True
SYN-00427,Billing help,"Hello support, my billing was charged twice. Please help me resolve this today.",Billing Inquiry,High,Pending,Chat,2024-10-07T12:00:00,92,1,True
SYN-00886,Password request,"Hello support, my password reset link expired. Please help me resolve this today.",Account Access,High,Pending,Web,2024-08-06T15:00:00,117,4,True
SYN-00284,Error request,"Hello support, my error will not start. Please help me resolve this soon.",Technical Issue,Critical,Closed,Chat,2024-06-25T03:00:00,23,4,True
SYN-00349,Payment problem,"Hello support, my payment was charged twice. Please help me resolve this today.",Billing Inquiry,Medium,Resolved,Email,2024-11-28T10:00:00,21,2,True
SYN-01973,Help help,"Hello support, my help need some assistance. Please help me resolve this soon.",General Support,Critical,Pending,Chat,2024-02-06T23:00:00,61,1,True
SYN-00820,Password problem,"Hello support, my password reset link expired. Please help me resolve this soon.",Account Access,Critical,Resolved,Chat,2024-07-25T18:00:00,63,2,True
SYN-00826,Account problem,"Hello support, my account account is locked. Please help me resolve this today.",Account Access,Critical,Closed,Email,2024-10-06T14:00:00,18,2,True
SYN-02035,Guidance problem,"Hello support, my guidance have a general question. Please help me resolve this when possible.",General Support,Low,Resolved,Phone,2024-09-05T21:00:00,106,1,True
SYN-01552,Tracking question,"Hello support, my tracking went to wrong address. Please help me resolve this today.",Shipping Issue,Critical,Pending,Chat,2024-08-30T23:00:00,19,1,True
SYN-00127,Crash help,"Hello support, my crash stopped working. Please help me resolve this when possible.",Technical Issue,Low,Closed,Web,2024-10-16T05:00:00,52,1,True
SYN-00629,Account problem,"Hello support, my account cannot sign in. Please help me resolve this today.",Account Access,Critical,Closed,Phone,2024-10-20T23:00:00,37,4,True
SYN-00329,Charged problem,"Hello support, my charged amount is incorrect. Please help me resolve this soon.",Billing Inquiry,High,Resolved,Phone,2024-11-21T15:00:00,52,1,True
SYN-00620,Verification help,"Hello support, my verification cannot sign in. Please help me resolve this today.",Account Access,High,Resolved,Chat,2024-04-29T23:00:00,62,5,True
SYN-00463,Card request,"Hello support, my card need a receipt. Please help me resolve this today.",Billing Inquiry,High,Closed,Chat,2024-09-19T13:00:00,76,3,True
SYN-01805,Guidance request,"Hello support, my guidance please contact me. Please help me resolve this today.",General Support,Medium,Open,Chat,2024-07-13T09:00:00,80,2,True
SYN-00081,Screen problem,"Hello support, my screen stopped working. Please help me resolve this when possible.",Technical Issue,Low,Pending,Chat,2024-04-14T05:00:00,73,3,True
SYN-00720,Password question,"Hello support, my password account is locked. Please help me resolve this soon.",Account Access,Critical,Resolved,Email,2024-02-25T17:00:00,7,3,True
SYN-00238,Device problem,"Hello support, my device will not start. Please help me resolve this today.",Technical Issue,High,Pending,Phone,2024-09-14T11:00:00,111,5,True
SYN-01598,Delivery problem,"Hello support, my delivery package was damaged. Please help me resolve this soon.",Shipping Issue,High,Open,Email,2024-01-14T04:00:00,63,2,True
SYN-01125,Money question,"Hello support, my money refund is missing. Please help me resolve this soon.",Refund Request,Low,Closed,Web,2024-05-24T15:00:00,77,2,True
SYN-01043,Cancel question,"Hello support, my cancel cancel this order. Please help me resolve this when possible.",Refund Request,Medium,Closed,Phone,2024-04-20T18:00:00,11,3,True
SYN-00562,Charged problem,"Hello support, my charged payment was declined. Please help me resolve this soon.",Billing Inquiry,Medium,Resolved,Web,2024-04-27T14:00:00,77,5,True
SYN-01212,Compatible question,"Hello support, my compatible want to compare options. Please help me resolve this when possible.",Product Inquiry,High,Pending,Phone,2024-08-31T09:00:00,39,3,True
SYN-01720,Delivery request,"Hello support, my delivery has not arrived. Please help me resolve this today.",Shipping Issue,Medium,Closed,Email,2024-06-09T12:00:00,28,5,True
SYN-00854,Password request,"Hello support, my password cannot sign in. Please help me resolve this today.",Account Access,Low,Resolved,Web,2024-07-28T17:00:00,42,1,True
SYN-00425,Payment question,"Hello support, my payment need a receipt. Please help me resolve this when possible.",Billing Inquiry,Critical,Open,Email,2024-09-01T14:00:00,85,2,True
SYN-01086,Money help,"Hello support, my money return was approved. Please help me resolve this today.",Refund Request,High,Resolved,Web,2024-11-16T19:00:00,16,4,True
SYN-00855,Account question,"Hello support, my account reset link expired. Please help me resolve this soon.",Account Access,Critical,Open,Email,2024-05-20T21:00:00,115,2,True
SYN-01692,Tracking question,"Hello support, my tracking tracking is frozen. Please help me resolve this when possible.",Shipping Issue,Critical,Pending,Web,2024-02-20T10:00:00,43,1,True
SYN-00128,Crash problem,"Hello support, my crash shows an error. Please help me resolve this today.",Technical Issue,High,Resolved,Web,2024-07-26T15:00:00,19,5,True
SYN-01995,Help problem,"Hello support, my help have a general question. Please help me resolve this today.",General Support,Low,Closed,Web,2024-03-19T12:00:00,23,4,True
SYN-01297,Product question,"Hello support, my product want to compare options. Please help me resolve this soon.",Product Inquiry,Low,Open,Web,2024-01-15T23:00:00,90,5,True
SYN-00439,Card question,"Hello support, my card need a receipt. Please help me resolve this when possible.",Billing Inquiry,Medium,Pending,Phone,2024-10-10T07:00:00,29,4,True
SYN-01112,Return help,"Hello support, my return want my money back. Please help me resolve this when possible.",Refund Request,High,Pending,Phone,2024-08-03T12:00:00,74,2,True
SYN-01713,Package question,"Hello support, my package package was damaged. Please help me resolve this soon.",Shipping Issue,Medium,Open,Chat,2024-01-08T18:00:00,4,5,True
SYN-00053,Device help,"Hello support, my device stopped working. Please help me resolve this today.",Technical Issue,Critical,Closed,Phone,2024-10-10T12:00:00,117,2,True
SYN-01825,Help problem,"Hello support, my help have a general question. Please help me resolve this today.",General Support,Critical,Pending,Phone,2024-01-01T03:00:00,49,2,True
SYN-01929,Guidance help,"Hello support, my guidance please contact me. Please help me resolve this today.",General Support,Medium,Pending,Web,2024-02-04T20:00:00,53,3,True
SYN-00374,Charged problem,"Hello support, my charged payment was declined. Please help me resolve this today.",Billing Inquiry,Critical,Closed,Phone,2024-04-19T03:00:00,117,3,True
SYN-00568,Payment problem,"Hello support, my payment payment was declined. Please help me resolve this soon.",Billing Inquiry,Critical,Pending,Web,2024-10-22T00:00:00,14,5,True
SYN-00403,Payment question,"Hello support, my payment payment was declined. Please help me resolve this soon.",Billing Inquiry,Medium,Resolved,Web,2024-06-04T14:00:00,94,3,True
SYN-00666,Locked request,"Hello support, my locked cannot sign in. Please help me resolve this today.",Account Access,Medium,Open,Phone,2024-03-23T20:00:00,90,1,True
SYN-00969,Purchase help,"Hello support, my purchase want my money back. Please help me resolve this when possible.",Refund Request,Low,Closed,Phone,2024-04-28T21:00:00,55,5,True
SYN-00780,Password help,"Hello support, my password account is locked. Please help me resolve this soon.",Account Access,Medium,Closed,Chat,2024-04-08T06:00:00,96,5,True
SYN-01047,Return request,"Hello support, my return refund is missing. Please help me resolve this soon.",Refund Request,Medium,Pending,Chat,2024-02-01T23:00:00,64,5,True
SYN-01183,Return request,"Hello support, my return return was approved. Please help me resolve this today.",Refund Request,Medium,Closed,Web,2024-10-06T09:00:00,96,3,True
SYN-01869,Question help,"Hello support, my question need some assistance. Please help me resolve this today.",General Support,Medium,Closed,Chat,2024-04-20T14:00:00,44,1,True
SYN-01955,Guidance problem,"Hello support, my guidance have a general question. Please help me resolve this when possible.",General Support,Low,Closed,Web,2024-08-26T23:00:00,34,5,True
SYN-01451,Product request,"Hello support, my product is this supported. Please help me resolve this soon.",Product Inquiry,Critical,Resolved,Phone,2024-09-15T05:00:00,49,4,True
SYN-00602,Locked request,"Hello support, my locked cannot sign in. Please help me resolve this soon.",Account Access,High,Closed,Web,2024-10-11T00:00:00,23,1,True
SYN-01390,Feature question,"Hello support, my feature need more information. Please help me resolve this when possible.",Product Inquiry,Critical,Closed,Email,2024-03-23T23:00:00,21,4,True
SYN-00560,Billing request,"Hello support, my billing was charged twice. Please help me resolve this when possible.",Billing Inquiry,Medium,Pending,Email,2024-06-15T12:00:00,51,3,True
SYN-01222,Plan problem,"Hello support, my plan which plan includes it. Please help me resolve this today.",Product Inquiry,High,Resolved,Phone,2024-09-24T01:00:00,84,2,True
SYN-00819,Verification question,"Hello support, my verification reset link expired. Please help me resolve this when possible.",Account Access,Low,Closed,Chat,2024-07-31T06:00:00,27,2,True
SYN-00838,Locked question,"Hello support, my locked reset link expired. Please help me resolve this soon.",Account Access,Low,Pending,Web,2024-10-07T20:00:00,100,4,True
SYN-01676,Tracking question,"Hello support, my tracking went to wrong address. Please help me resolve this when possible.",Shipping Issue,Critical,Open,Email,2024-02-24T08:00:00,77,1,True
SYN-00604,Locked question,"Hello support, my locked account is locked. Please help me resolve this when possible.",Account Access,Low,Pending,Phone,2024-07-11T20:00:00,93,3,True
SYN-01559,Courier question,"Hello support, my courier package was damaged. Please help me resolve this when possible.",Shipping Issue,Critical,Open,Web,2024-05-05T21:00:00,19,3,True
SYN-01440,Product help,"Hello support, my product want to compare options. Please help me resolve this soon.",Product Inquiry,Medium,Open,Email,2024-07-18T16:00:00,22,5,True
SYN-01729,Tracking question,"Hello support, my tracking tracking is frozen. Please help me resolve this soon.",Shipping Issue,Low,Resolved,Email,2024-06-16T05:00:00,63,4,True
SYN-01392,Upgrade question,"Hello support, my upgrade which plan includes it. Please help me resolve this today.",Product Inquiry,Critical,Pending,Email,2024-05-29T13:00:00,119,3,True
SYN-02082,Support question,"Hello support, my support please contact me. Please help me resolve this soon.",General Support,Low,Closed,Web,2024-09-22T19:00:00,98,4,True
SYN-01702,Delivery problem,"Hello support, my delivery went to wrong address. Please help me resolve this soon.",Shipping Issue,High,Open,Web,2024-11-25T10:00:00,23,5,True
SYN-00490,Payment request,"Hello support, my payment was charged twice. Please help me resolve this today.",Billing Inquiry,High,Closed,Phone,2024-08-11T13:00:00,1,4,True
SYN-01317,Upgrade request,"Hello support, my upgrade is this supported. Please help me resolve this today.",Product Inquiry,High,Open,Email,2024-11-20T18:00:00,73,3,True
SYN-01939,Contact problem,"Hello support, my contact need some assistance. Please help me resolve this today.",General Support,Critical,Resolved,Chat,2024-09-17T23:00:00,83,5,True
SYN-01496,Compatible problem,"Hello support, my compatible which plan includes it. Please help me resolve this soon.",Product Inquiry,Critical,Pending,Phone,2024-06-06T16:00:00,26,5,True
SYN-02016,Support request,"Hello support, my support where can I find help. Please help me resolve this today.",General Support,Medium,Pending,Phone,2024-09-23T01:00:00,65,4,True
SYN-01025,Cancel help,"Hello support, my cancel refund is missing. Please help me resolve this today.",Refund Request,Medium,Pending,Chat,2024-01-29T04:00:00,98,3,True
SYN-01826,Contact question,"Hello support, my contact where can I find help. Please help me resolve this soon.",General Support,Low,Pending,Chat,2024-07-05T09:00:00,74,4,True
SYN-00828,Password help,"Hello support, my password reset link expired. Please help me resolve this today.",Account Access,Medium,Closed,Web,2024-09-14T02:00:00,97,4,True
SYN-00539,Card question,"Hello support, my card was charged twice. Please help me resolve this when possible.",Billing Inquiry,High,Closed,Email,2024-06-02T09:00:00,38,5,True
SYN-01078,Refund help,"Hello support, my refund cancel this order. Please help me resolve this when possible.",Refund Request,Medium,Resolved,Web,2024-09-13T13:00:00,37,3,True
SYN-01019,Money help,"Hello support, my money cancel this order. Please help me resolve this today.",Refund Request,High,Open,Web,2024-04-12T03:00:00,47,4,True
SYN-00111,Update request,"Hello support, my update keeps failing. Please help me resolve this today.",Technical Issue,High,Resolved,Web,2024-07-16T19:00:00,47,2,True
SYN-00121,Error help,"Hello support, my error keeps failing. Please help me resolve this today.",Technical Issue,Medium,Open,Email,2024-11-19T22:00:00,109,3,True
SYN-00170,Update request,"Hello support, my update keeps failing. Please help me resolve this when possible.",Technical Issue,Critical,Pending,Email,2024-07-28T20:00:00,46,5,True
SYN-02034,Support question,"Hello support, my support where can I find help. Please help me resolve this today.",General Support,High,Closed,Chat,2024-07-30T14:00:00,43,2,True
SYN-01495,Compatible problem,"Hello support, my compatible is this supported. Please help me resolve this when possible.",Product Inquiry,Low,Pending,Phone,2024-09-04T10:00:00,41,3,True
SYN-00804,Login help,"Hello support, my login code never arrived. Please help me resolve this when possible.",Account Access,High,Resolved,Phone,2024-05-20T23:00:00,13,5,True
SYN-01242,Plan help,"Hello support, my plan want to compare options. Please help me resolve this when possible.",Product Inquiry,Critical,Resolved,Web,2024-11-06T20:00:00,53,2,True
SYN-00095,Update request,"Hello support, my update will not start. Please help me resolve this soon.",Technical Issue,Medium,Pending,Email,2024-06-04T21:00:00,71,3,True
SYN-00092,Error question,"Hello support, my error shows an error. Please help me resolve this soon.",Technical Issue,Critical,Open,Email,2024-07-06T11:00:00,17,5,True
SYN-01053,Money question,"Hello support, my money return was approved. Please help me resolve this when possible.",Refund Request,Low,Open,Email,2024-03-24T05:00:00,8,1,True
SYN-01624,Courier question,"Hello support, my courier tracking is frozen. Please help me resolve this when possible.",Shipping Issue,Medium,Pending,Phone,2024-02-10T00:00:00,93,2,True
SYN-01766,Shipment problem,"Hello support, my shipment went to wrong address. Please help me resolve this soon.",Shipping Issue,High,Pending,Web,2024-08-05T07:00:00,44,4,True
SYN-00071,Screen question,"Hello support, my screen shows an error. Please help me resolve this when possible.",Technical Issue,Low,Pending,Email,2024-04-05T10:00:00,113,2,True
SYN-01436,Upgrade question,"Hello support, my upgrade is this supported. Please help me resolve this today.",Product Inquiry,Medium,Resolved,Chat,2024-03-25T20:00:00,107,4,True
SYN-01445,Compatible help,"Hello support, my compatible which plan includes it. Please help me resolve this soon.",Product Inquiry,Low,Resolved,Web,2024-07-17T00:00:00,87,4,True
SYN-01618,Delivery problem,"Hello support, my delivery tracking is frozen. Please help me resolve this soon.",Shipping Issue,High,Closed,Phone,2024-09-20T19:00:00,83,4,True
SYN-01474,Compatible request,"Hello support, my compatible want to compare options. Please help me resolve this when possible.",Product Inquiry,Medium,Closed,Email,2024-08-29T02:00:00,109,5,True
SYN-01002,Return problem,"Hello support, my return want my money back. Please help me resolve this when possible.",Refund Request,Critical,Open,Phone,2024-04-02T04:00:00,16,1,True
SYN-00771,Password help,"Hello support, my password code never arrived. Please help me resolve this today.",Account Access,High,Open,Web,2024-08-03T12:00:00,41,4,True
SYN-00915,Cancel problem,"Hello support, my cancel return was approved. Please help me resolve this soon.",Refund Request,Low,Resolved,Email,2024-03-20T13:00:00,38,2,True
SYN-00613,Password problem,"Hello support, my password reset link expired. Please help me resolve this when possible.",Account Access,Low,Pending,Phone,2024-04-03T09:00:00,15,5,True
SYN-00914,Refund help,"Hello support, my refund return was approved. Please help me resolve this today.",Refund Request,Medium,Pending,Email,2024-01-11T22:00:00,106,4,True
SYN-01643,Tracking help,"Hello support, my tracking tracking is frozen. Please help me resolve this soon.",Shipping Issue,Low,Pending,Email,2024-10-15T17:00:00,5,2,True
SYN-00073,Crash request,"Hello support, my crash shows an error. Please help me resolve this soon.",Technical Issue,High,Closed,Phone,2024-03-16T15:00:00,52,4,True
SYN-00789,Account help,"Hello support, my account code never arrived. Please help me resolve this today.",Account Access,Medium,Pending,Email,2024-09-17T16:00:00,20,2,True
SYN-01491,Upgrade question,"Hello support, my upgrade which plan includes it. Please help me resolve this when possible.",Product Inquiry,Critical,Resolved,Phone,2024-02-27T03:00:00,95,3,True
SYN-02036,Help question,"Hello support, my help where can I find help. Please help me resolve this when possible.",General Support,Low,Open,Chat,2024-08-02T16:00:00,90,1,True
SYN-00085,Crash question,"Hello support, my crash will not start. Please help me resolve this soon.",Technical Issue,Low,Closed,Phone,2024-09-27T13:00:00,40,4,True
SYN-00856,Password help,"Hello support, my password reset link expired. Please help me resolve this today.",Account Access,High,Open,Phone,2024-06-17T06:00:00,66,4,True
SYN-01435,Product request,"Hello support, my product is this supported. Please help me resolve this today.",Product Inquiry,Critical,Pending,Web,2024-02-19T01:00:00,62,4,True
SYN-00957,Purchase question,"Hello support, my purchase cancel this order. Please help me resolve this when possible.",Refund Request,Medium,Closed,Phone,2024-10-04T22:00:00,19,1,True
SYN-00287,Error help,"Hello support, my error shows an error. Please help me resolve this today.",Technical Issue,High,Closed,Phone,2024-04-21T06:00:00,26,5,True
SYN-01428,Plan help,"Hello support, my plan need more information. Please help me resolve this when possible.",Product Inquiry,Low,Pending,Email,2024-09-23T21:00:00,47,2,True
SYN-01623,Tracking question,"Hello support, my tracking went to wrong address. Please help me resolve this when possible.",Shipping Issue,High,Pending,Web,2024-03-05T20:00:00,88,5,True
SYN-00500,Payment question,"Hello support, my payment payment was declined. Please help me resolve this soon.",Billing Inquiry,Medium,Resolved,Web,2024-06-17T01:00:00,115,2,True
SYN-01350,Product question,"Hello support, my product which plan includes it. Please help me resolve this when possible.",Product Inquiry,Low,Resolved,Web,2024-04-19T00:00:00,99,2,True
SYN-01867,Help problem,"Hello support, my help have a general question. Please help me resolve this today.",General Support,Low,Pending,Phone,2024-11-14T07:00:00,109,3,True
SYN-01915,Support help,"Hello support, my support need some assistance. Please help me resolve this when possible.",General Support,Low,Open,Email,2024-06-15T21:00:00,21,3,True
SYN-00636,Locked problem,"Hello support, my locked code never arrived. Please help me resolve this today.",Account Access,High,Closed,Email,2024-11-24T06:00:00,89,5,True
SYN-01775,Delivery question,"Hello support, my delivery went to wrong address. Please help me resolve this today.",Shipping Issue,Critical,Open,Web,2024-11-23T22:00:00,100,3,True
SYN-00308,Charged question,"Hello support, my charged amount is incorrect. Please help me resolve this when possible.",Billing Inquiry,Medium,Closed,Email,2024-05-15T06:00:00,81,1,True
SYN-01548,Tracking request,"Hello support, my tracking tracking is frozen. Please help me resolve this soon.",Shipping Issue,Critical,Resolved,Phone,2024-11-18T09:00:00,42,5,True
SYN-01751,Tracking problem,"Hello support, my tracking has not arrived. Please help me resolve this soon.",Shipping Issue,Medium,Pending,Phone,2024-02-22T11:00:00,54,5,True
SYN-01699,Shipment request,"Hello support, my shipment has not arrived. Please help me resolve this soon.",Shipping Issue,Low,Open,Chat,2024-04-22T05:00:00,83,3,True
SYN-01130,Cancel help,"Hello support, my cancel return was approved. Please help me resolve this soon.",Refund Request,Medium,Pending,Email,2024-07-10T16:00:00,9,5,True
SYN-01239,Product help,"Hello support, my product need more information. Please help me resolve this soon.",Product Inquiry,Critical,Open,Chat,2024-02-26T22:00:00,16,1,True
SYN-00119,Device problem,"Hello support, my device stopped working. Please help me resolve this when possible.",Technical Issue,High,Pending,Web,2024-11-16T12:00:00,36,4,True
SYN-01074,Refund request,"Hello support, my refund cancel this order. Please help me resolve this soon.",Refund Request,Low,Open,Email,2024-08-08T17:00:00,55,3,True
SYN-00982,Money request,"Hello support, my money cancel this order. Please help me resolve this today.",Refund Request,Critical,Resolved,Web,2024-10-05T04:00:00,85,4,True
SYN-00353,Payment question,"Hello support, my payment was charged twice. Please help me resolve this when possible.",Billing Inquiry,Medium,Resolved,Email,2024-10-02T06:00:00,17,1,True
SYN-02032,Guidance request,"Hello support, my guidance have a general question. Please help me resolve this soon.",General Support,Medium,Closed,Phone,2024-07-05T18:00:00,39,4,True
SYN-00191,Error question,"Hello support, my error shows an error. Please help me resolve this when possible.",Technical Issue,Medium,Resolved,Phone,2024-02-26T04:00:00,21,1,True
SYN-01718,Courier help,"Hello support, my courier has not arrived. Please help me resolve this today.",Shipping Issue,Critical,Resolved,Web,2024-02-06T11:00:00,115,5,True
SYN-00591,Billing help,"Hello support, my billing amount is incorrect. Please help me resolve this today.",Billing Inquiry,Medium,Closed,Web,2024-07-26T12:00:00,113,4,True
SYN-01840,Question problem,"Hello support, my question need some assistance. Please help me resolve this when possible.",General Support,Medium,Closed,Phone,2024-10-17T10:00:00,43,5,True
SYN-00844,Account problem,"Hello support, my account account is locked. Please help me resolve this today.",Account Access,Medium,Closed,Email,2024-04-10T08:00:00,63,3,True
SYN-01605,Package help,"Hello support, my package package was damaged. Please help me resolve this when possible.",Shipping Issue,Low,Open,Chat,2024-03-19T01:00:00,92,2,True
SYN-00016,Crash problem,"Hello support, my crash will not start. Please help me resolve this today.",Technical Issue,Critical,Open,Chat,2024-10-26T16:00:00,73,2,True
SYN-01983,Guidance problem,"Hello support, my guidance where can I find help. Please help me resolve this soon.",General Support,High,Pending,Email,2024-11-24T11:00:00,32,4,True
SYN-00885,Account request,"Hello support, my account cannot sign in. Please help me resolve this today.",Account Access,Medium,Open,Web,2024-06-25T16:00:00,76,3,True
SYN-00786,Login help,"Hello support, my login reset link expired. Please help me resolve this soon.",Account Access,Critical,Pending,Email,2024-03-29T20:00:00,22,3,True
SYN-01851,Question problem,"Hello support, my question have a general question. Please help me resolve this soon.",General Support,Critical,Pending,Phone,2024-07-05T10:00:00,116,1,True
SYN-01708,Tracking request,"Hello support, my tracking has not arrived. Please help me resolve this today.",Shipping Issue,High,Open,Phone,2024-01-13T10:00:00,58,3,True
SYN-01663,Shipment problem,"Hello support, my shipment package was damaged. Please help me resolve this when possible.",Shipping Issue,Low,Pending,Web,2024-09-17T15:00:00,66,3,True
SYN-00242,Update question,"Hello support, my update will not start. Please help me resolve this when possible.",Technical Issue,Medium,Closed,Email,2024-10-16T21:00:00,29,5,True
SYN-00572,Payment help,"Hello support, my payment was charged twice. Please help me resolve this when possible.",Billing Inquiry,Medium,Open,Web,2024-02-21T18:00:00,44,5,True
SYN-00061,Crash request,"Hello support, my crash shows an error. Please help me resolve this soon.",Technical Issue,High,Resolved,Web,2024-05-09T09:00:00,42,3,True
SYN-00777,Verification request,"Hello support, my verification reset link expired. Please help me resolve this today.",Account Access,Critical,Pending,Phone,2024-01-08T01:00:00,3,2,True
SYN-00736,Verification request,"Hello support, my verification account is locked. Please help me resolve this today.",Account Access,Critical,Resolved,Chat,2024-10-18T23:00:00,55,1,True
SYN-00702,Locked question,"Hello support, my locked reset link expired. Please help me resolve this today.",Account Access,Medium,Pending,Chat,2024-08-30T23:00:00,69,2,True
SYN-00370,Card problem,"Hello support, my card amount is incorrect. Please help me resolve this today.",Billing Inquiry,High,Closed,Chat,2024-02-21T14:00:00,97,5,True
SYN-01280,Product help,"Hello support, my product want to compare options. Please help me resolve this today.",Product Inquiry,Critical,Closed,Email,2024-02-28T06:00:00,81,3,True
SYN-02030,Contact request,"Hello support, my contact please contact me. Please help me resolve this soon.",General Support,Medium,Closed,Email,2024-06-27T20:00:00,98,4,True
SYN-01204,Product problem,"Hello support, my product is this supported. Please help me resolve this today.",Product Inquiry,Low,Closed,Chat,2024-04-02T08:00:00,93,3,True
SYN-01394,Plan question,"Hello support, my plan which plan includes it. Please help me resolve this when possible.",Product Inquiry,Low,Pending,Email,2024-07-09T00:00:00,68,3,True
SYN-00027,Device problem,"Hello support, my device keeps failing. Please help me resolve this today.",Technical Issue,Critical,Pending,Email,2024-09-12T07:00:00,41,5,True
SYN-01560,Shipment problem,"Hello support, my shipment tracking is frozen. Please help me resolve this when possible.",Shipping Issue,High,Resolved,Email,2024-04-21T11:00:00,79,5,True
SYN-01841,Support question,"Hello support, my support have a general question. Please help me resolve this when possible.",General Support,Low,Open,Phone,2024-04-11T18:00:00,113,3,True
SYN-00222,Screen help,"Hello support, my screen will not start. Please help me resolve this soon.",Technical Issue,High,Open,Web,2024-02-29T21:00:00,79,1,True
SYN-01679,Package problem,"Hello support, my package went to wrong address. Please help me resolve this today.",Shipping Issue,Low,Pending,Chat,2024-02-04T02:00:00,5,4,True
SYN-01438,Upgrade help,"Hello support, my upgrade which plan includes it. Please help me resolve this today.",Product Inquiry,Critical,Resolved,Email,2024-06-27T22:00:00,14,5,True
SYN-01818,Question help,"Hello support, my question have a general question. Please help me resolve this when possible.",General Support,Critical,Pending,Email,2024-10-24T14:00:00,75,3,True
SYN-01424,Feature request,"Hello support, my feature want to compare options. Please help me resolve this today.",Product Inquiry,Low,Pending,Email,2024-08-03T16:00:00,7,2,True
SYN-02066,Contact question,"Hello support, my contact need some assistance. Please help me resolve this today.",General Support,Critical,Pending,Email,2024-08-29T22:00:00,7,5,True
SYN-01804,Guidance request,"Hello support, my guidance please contact me. Please help me resolve this today.",General Support,High,Open,Phone,2024-07-16T17:00:00,50,1,True
SYN-01464,Feature problem,"Hello support, my feature which plan includes it. Please help me resolve this when possible.",Product Inquiry,Critical,Closed,Chat,2024-07-13T11:00:00,33,4,True
SYN-01905,Question question,"Hello support, my question where can I find help. Please help me resolve this when possible.",General Support,High,Closed,Phone,2024-11-15T04:00:00,46,2,True
SYN-00788,Account question,"Hello support, my account code never arrived. Please help me resolve this when possible.",Account Access,High,Resolved,Web,2024-04-06T13:00:00,116,2,True
SYN-01376,Feature problem,"Hello support, my feature which plan includes it. Please help me resolve this today.",Product Inquiry,Critical,Open,Web,2024-09-26T15:00:00,82,1,True
SYN-00393,Payment request,"Hello support, my payment was charged twice. Please help me resolve this soon.",Billing Inquiry,Low,Closed,Chat,2024-10-13T22:00:00,85,3,True
SYN-00134,Error question,"Hello support, my error keeps failing. Please help me resolve this today.",Technical Issue,High,Pending,Web,2024-04-29T12:00:00,109,5,True
SYN-00286,Update request,"Hello support, my update stopped working. Please help me resolve this today.",Technical Issue,High,Open,Email,2024-01-02T12:00:00,91,5,True
SYN-00050,Device request,"Hello support, my device keeps failing. Please help me resolve this when possible.",Technical Issue,Critical,Closed,Web,2024-06-04T10:00:00,54,2,True
SYN-01674,Tracking question,"Hello support, my tracking package was damaged. Please help me resolve this soon.",Shipping Issue,Low,Resolved,Chat,2024-06-10T12:00:00,4,4,True
SYN-00397,Payment request,"Hello support, my payment need a receipt. Please help me resolve this today.",Billing Inquiry,Medium,Resolved,Web,2024-01-19T10:00:00,112,5,True
SYN-00367,Billing request,"Hello support, my billing was charged twice. Please help me resolve this today.",Billing Inquiry,High,Open,Web,2024-02-03T02:00:00,4,1,True
SYN-00656,Login problem,"Hello support, my login code never arrived. Please help me resolve this today.",Account Access,Low,Open,Phone,2024-09-01T04:00:00,34,4,True
SYN-01946,Help problem,"Hello support, my help have a general question. Please help me resolve this soon.",General Support,Medium,Pending,Phone,2024-07-10T10:00:00,44,5,True
SYN-01118,Refund help,"Hello support, my refund refund is missing. Please help me resolve this today.",Refund Request,Critical,Open,Chat,2024-09-28T12:00:00,3,4,True
SYN-00105,Device request,"Hello support, my device stopped working. Please help me resolve this soon.",Technical Issue,Medium,Pending,Web,2024-07-30T12:00:00,88,3,True
SYN-01522,Delivery question,"Hello support, my delivery tracking is frozen. Please help me resolve this soon.",Shipping Issue,Critical,Resolved,Email,2024-08-27T02:00:00,40,3,True
SYN-01799,Courier help,"Hello support, my courier has not arrived. Please help me resolve this today.",Shipping Issue,High,Resolved,Chat,2024-09-27T22:00:00,68,4,True
SYN-01113,Refund problem,"Hello support, my refund want my money back. Please help me resolve this when possible.",Refund Request,Medium,Open,Email,2024-01-09T18:00:00,56,5,True
SYN-01091,Money problem,"Hello support, my money return was approved. Please help me resolve this soon.",Refund Request,High,Closed,Chat,2024-05-17T01:00:00,43,4,True
SYN-01847,Question question,"Hello support, my question please contact me. Please help me resolve this today.",General Support,High,Closed,Web,2024-01-18T16:00:00,90,5,True
SYN-01524,Tracking problem,"Hello support, my tracking package was damaged. Please help me resolve this when possible.",Shipping Issue,High,Closed,Phone,2024-05-09T17:00:00,50,3,True
SYN-01593,Shipment problem,"Hello support, my shipment went to wrong address. Please help me resolve this today.",Shipping Issue,Low,Open,Email,2024-10-08T16:00:00,27,3,True
SYN-02062,Question problem,"Hello support, my question have a general question. Please help me resolve this today.",General Support,Medium,Closed,Chat,2024-08-31T14:00:00,97,1,True
SYN-01229,Upgrade help,"Hello support, my upgrade which plan includes it. Please help me resolve this today.",Product Inquiry,Critical,Resolved,Chat,2024-10-10T00:00:00,106,1,True
SYN-00834,Locked request,"Hello support, my locked account is locked. Please help me resolve this today.",Account Access,Low,Resolved,Chat,2024-06-26T22:00:00,44,3,True
SYN-00153,Crash request,"Hello support, my crash shows an error. Please help me resolve this today.",Technical Issue,Medium,Closed,Web,2024-08-31T19:00:00,11,5,True
SYN-01581,Shipment problem,"Hello support, my shipment tracking is frozen. Please help me resolve this when possible.",Shipping Issue,Low,Resolved,Phone,2024-11-28T02:00:00,2,4,True
SYN-00684,Verification help,"Hello support, my verification reset link expired. Please help me resolve this soon.",Account Access,Low,Closed,Chat,2024-07-20T22:00:00,61,2,True
SYN-01284,Product request,"Hello support, my product need more information. Please help me resolve this today.",Product Inquiry,Low,Closed,Phone,2024-01-02T21:00:00,40,1,True
SYN-01225,Plan help,"Hello support, my plan which plan includes it. Please help me resolve this today.",Product Inquiry,Medium,Pending,Chat,2024-03-29T14:00:00,112,5,True
SYN-00109,Screen problem,"Hello support, my screen keeps failing. Please help me resolve this when possible.",Technical Issue,Critical,Resolved,Chat,2024-07-12T04:00:00,111,5,True
SYN-01061,Money help,"Hello support, my money cancel this order. Please help me resolve this soon.",Refund Request,Critical,Resolved,Chat,2024-04-18T23:00:00,64,2,True
SYN-01629,Tracking problem,"Hello support, my tracking has not arrived. Please help me resolve this today.",Shipping Issue,Low,Resolved,Email,2024-05-03T08:00:00,98,5,True
SYN-00243,Update request,"Hello support, my update stopped working. Please help me resolve this soon.",Technical Issue,Medium,Resolved,Chat,2024-07-09T05:00:00,68,3,True
SYN-01894,Question request,"Hello support, my question need some assistance. Please help me resolve this today.",General Support,Critical,Closed,Email,2024-07-27T22:00:00,106,2,True
SYN-00495,Payment request,"Hello support, my payment amount is incorrect. Please help me resolve this when possible.",Billing Inquiry,Medium,Resolved,Web,2024-05-10T14:00:00,82,3,True
SYN-01658,Tracking request,"Hello support, my tracking package was damaged. Please help me resolve this today.",Shipping Issue,Low,Resolved,Phone,2024-11-23T13:00:00,7,1,True
SYN-01071,Money question,"Hello support, my money cancel this order. Please help me resolve this when possible.",Refund Request,Medium,Closed,Chat,2024-11-09T17:00:00,74,3,True
SYN-02092,Contact question,"Hello support, my contact please contact me. Please help me resolve this today.",General Support,High,Pending,Web,2024-09-03T08:00:00,99,3,True
SYN-00802,Locked help,"Hello support, my locked cannot sign in. Please help me resolve this today.",Account Access,Critical,Resolved,Chat,2024-04-09T05:00:00,60,2,True
SYN-00227,Update problem,"Hello support, my update will not start. Please help me resolve this when possible.",Technical Issue,Critical,Resolved,Email,2024-09-17T01:00:00,32,5,True
SYN-01585,Courier question,"Hello support, my courier tracking is frozen. Please help me resolve this soon.",Shipping Issue,Medium,Closed,Phone,2024-04-19T11:00:00,95,4,True
SYN-00533,Payment question,"Hello support, my payment amount is incorrect. Please help me resolve this when possible.",Billing Inquiry,Low,Closed,Chat,2024-02-27T03:00:00,102,1,True
SYN-01507,Courier request,"Hello support, my courier tracking is frozen. Please help me resolve this when possible.",Shipping Issue,Medium,Resolved,Web,2024-03-24T23:00:00,28,5,True
SYN-00259,Crash question,"Hello support, my crash stopped working. Please help me resolve this when possible.",Technical Issue,Low,Open,Chat,2024-10-15T12:00:00,56,2,True
SYN-00965,Cancel help,"Hello support, my cancel return was approved. Please help me resolve this soon.",Refund Request,Low,Resolved,Phone,2024-11-17T04:00:00,47,1,True
SYN-01667,Delivery request,"Hello support, my delivery tracking is frozen. Please help me resolve this when possible.",Shipping Issue,Critical,Open,Email,2024-06-08T20:00:00,118,4,True
SYN-00923,Purchase problem,"Hello support, my purchase want my money back. Please help me resolve this when possible.",Refund Request,High,Closed,Web,2024-05-05T20:00:00,10,2,True
SYN-00019,Error problem,"Hello support, my error keeps failing. Please help me resolve this today.",Technical Issue,Low,Open,Phone,2024-01-25T05:00:00,91,1,True
SYN-00063,Crash request,"Hello support, my crash keeps failing. Please help me resolve this today.",Technical Issue,Medium,Pending,Chat,2024-11-20T03:00:00,32,4,True
SYN-00571,Payment question,"Hello support, my payment payment was declined. Please help me resolve this today.",Billing Inquiry,High,Closed,Email,2024-03-21T14:00:00,65,5,True
SYN-01904,Guidance problem,"Hello support, my guidance where can I find help. Please help me resolve this today.",General Support,Critical,Open,Chat,2024-10-08T02:00:00,3,3,True
SYN-02005,Contact request,"Hello support, my contact have a general question. Please help me resolve this soon.",General Support,Critical,Pending,Web,2024-04-10T10:00:00,71,5,True
SYN-00041,Error help,"Hello support, my error keeps failing. Please help me resolve this soon.",Technical Issue,High,Open,Phone,2024-08-13T06:00:00,25,3,True
SYN-00901,Return problem,"Hello support, my return cancel this order. Please help me resolve this today.",Refund Request,Low,Resolved,Web,2024-03-27T21:00:00,71,5,True
SYN-00143,Device problem,"Hello support, my device shows an error. Please help me resolve this soon.",Technical Issue,Low,Closed,Email,2024-01-25T14:00:00,51,3,True
SYN-01322,Product help,"Hello support, my product which plan includes it. Please help me resolve this when possible.",Product Inquiry,Critical,Open,Phone,2024-11-02T12:00:00,37,4,True
SYN-00757,Account question,"Hello support, my account reset link expired. Please help me resolve this when possible.",Account Access,Critical,Pending,Email,2024-05-21T10:00:00,52,5,True
SYN-00033,Error problem,"Hello support, my error shows an error. Please help me resolve this when possible.",Technical Issue,Medium,Resolved,Phone,2024-02-09T09:00:00,114,5,True
SYN-01722,Courier help,"Hello support, my courier went to wrong address. Please help me resolve this when possible.",Shipping Issue,Critical,Resolved,Phone,2024-04-27T12:00:00,18,2,True
SYN-00945,Return request,"Hello support, my return return was approved. Please help me resolve this when possible.",Refund Request,Medium,Resolved,Phone,2024-03-24T14:00:00,55,5,True
SYN-01590,Tracking question,"Hello support, my tracking tracking is frozen. Please help me resolve this soon.",Shipping Issue,Low,Resolved,Phone,2024-08-21T11:00:00,91,5,True
SYN-00569,Invoice problem,"Hello support, my invoice payment was declined. Please help me resolve this today.",Billing Inquiry,Medium,Closed,Email,2024-06-14T10:00:00,111,1,True
SYN-00404,Charged help,"Hello support, my charged was charged twice. Please help me resolve this today.",Billing Inquiry,Medium,Pending,Chat,2024-11-19T14:00:00,117,2,True
SYN-01059,Refund request,"Hello support, my refund return was approved. Please help me resolve this soon.",Refund Request,Medium,Closed,Web,2024-09-22T11:00:00,84,4,True
SYN-00171,Screen problem,"Hello support, my screen keeps failing. Please help me resolve this soon.",Technical Issue,Critical,Open,Web,2024-11-21T10:00:00,68,3,True
SYN-00011,Error problem,"Hello support, my error will not start. Please help me resolve this today.",Technical Issue,Low,Pending,Chat,2024-06-22T22:00:00,64,4,True
SYN-01060,Refund question,"Hello support, my refund want my money back. Please help me resolve this today.",Refund Request,Low,Resolved,Chat,2024-07-16T05:00:00,55,2,True
SYN-01600,Courier help,"Hello support, my courier package was damaged. Please help me resolve this today.",Shipping Issue,Low,Pending,Email,2024-03-14T22:00:00,79,5,True
SYN-01195,Money problem,"Hello support, my money return was approved. Please help me resolve this when possible.",Refund Request,Low,Pending,Email,2024-01-30T08:00:00,75,2,True
SYN-01900,Help question,"Hello support, my help have a general question. Please help me resolve this when possible.",General Support,Low,Pending,Phone,2024-06-04T10:00:00,84,2,True
SYN-01155,Return request,"Hello support, my return refund is missing. Please help me resolve this today.",Refund Request,High,Open,Chat,2024-09-09T06:00:00,40,2,True
SYN-01439,Upgrade question,"Hello support, my upgrade want to compare options. Please help me resolve this soon.",Product Inquiry,Low,Closed,Phone,2024-02-22T10:00:00,10,1,True
SYN-01569,Shipment question,"Hello support, my shipment tracking is frozen. Please help me resolve this soon.",Shipping Issue,Medium,Resolved,Phone,2024-10-11T22:00:00,26,4,True
SYN-00975,Cancel problem,"Hello support, my cancel want my money back. Please help me resolve this today.",Refund Request,High,Pending,Email,2024-04-09T07:00:00,12,5,True
SYN-00650,Account question,"Hello support, my account reset link expired. Please help me resolve this today.",Account Access,Low,Open,Email,2024-09-04T13:00:00,37,1,True
SYN-00550,Payment request,"Hello support, my payment was charged twice. Please help me resolve this soon.",Billing Inquiry,High,Resolved,Web,2024-07-11T05:00:00,70,4,True
SYN-01604,Delivery request,"Hello support, my delivery package was damaged. Please help me resolve this soon.",Shipping Issue,Low,Resolved,Chat,2024-09-21T18:00:00,96,2,True
SYN-00750,Locked problem,"Hello support, my locked cannot sign in. Please help me resolve this soon.",Account Access,Low,Resolved,Chat,2024-11-06T17:00:00,89,1,True
SYN-01612,Package request,"Hello support, my package tracking is frozen. Please help me resolve this today.",Shipping Issue,Critical,Closed,Web,2024-10-20T17:00:00,62,2,True
SYN-01815,Help help,"Hello support, my help need some assistance. Please help me resolve this when possible.",General Support,Medium,Open,Email,2024-10-11T13:00:00,98,2,True
SYN-01759,Shipment question,"Hello support, my shipment has not arrived. Please help me resolve this soon.",Shipping Issue,Medium,Resolved,Phone,2024-09-08T19:00:00,98,1,True
SYN-01098,Purchase question,"Hello support, my purchase return was approved. Please help me resolve this today.",Refund Request,Medium,Closed,Chat,2024-04-20T12:00:00,86,4,True
SYN-01465,Compatible question,"Hello support, my compatible want to compare options. Please help me resolve this soon.",Product Inquiry,Medium,Closed,Chat,2024-04-15T18:00:00,69,5,True
SYN-01654,Delivery problem,"Hello support, my delivery went to wrong address. Please help me resolve this when possible.",Shipping Issue,Critical,Closed,Web,2024-10-14T09:00:00,39,3,True
SYN-00421,Billing question,"Hello support, my billing payment was declined. Please help me resolve this today.",Billing Inquiry,Medium,Closed,Web,2024-03-23T05:00:00,43,2,True
SYN-01400,Compatible help,"Hello support, my compatible need more information. Please help me resolve this soon.",Product Inquiry,Critical,Closed,Chat,2024-09-18T20:00:00,88,3,True
SYN-01079,Return problem,"Hello support, my return want my money back. Please help me resolve this when possible.",Refund Request,Medium,Open,Web,2024-04-23T02:00:00,53,4,True
SYN-00517,Payment request,"Hello support, my payment need a receipt. Please help me resolve this when possible.",Billing Inquiry,Medium,Open,Email,2024-08-01T20:00:00,17,3,True
SYN-01448,Plan problem,"Hello support, my plan is this supported. Please help me resolve this soon.",Product Inquiry,Critical,Resolved,Chat,2024-04-04T10:00:00,58,2,True
SYN-01108,Return question,"Hello support, my return cancel this order. Please help me resolve this soon.",Refund Request,Critical,Pending,Email,2024-04-01T08:00:00,113,4,True
SYN-00990,Refund request,"Hello support, my refund refund is missing. Please help me resolve this today.",Refund Request,Critical,Resolved,Email,2024-08-06T22:00:00,86,5,True
SYN-00283,Update question,"Hello support, my update stopped working. Please help me resolve this today.",Technical Issue,Low,Open,Phone,2024-04-18T20:00:00,9,1,True
SYN-00699,Login question,"Hello support, my login reset link expired. Please help me resolve this soon.",Account Access,High,Resolved,Web,2024-10-11T23:00:00,67,5,True
SYN-00853,Locked request,"Hello support, my locked reset link expired. Please help me resolve this soon.",Account Access,Low,Pending,Phone,2024-04-07T09:00:00,19,4,True
SYN-00585,Invoice request,"Hello support, my invoice amount is incorrect. Please help me resolve this soon.",Billing Inquiry,Critical,Resolved,Web,2024-03-02T08:00:00,100,1,True
SYN-00821,Locked question,"Hello support, my locked cannot sign in. Please help me resolve this soon.",Account Access,Medium,Pending,Email,2024-01-07T04:00:00,46,1,True
SYN-00573,Card request,"Hello support, my card was charged twice. Please help me resolve this soon.",Billing Inquiry,High,Resolved,Web,2024-05-22T10:00:00,31,5,True
SYN-01978,Support question,"Hello support, my support please contact me. Please help me resolve this today.",General Support,Low,Closed,Phone,2024-05-03T13:00:00,103,3,True
SYN-00956,Cancel help,"Hello support, my cancel cancel this order. Please help me resolve this when possible.",Refund Request,High,Closed,Email,2024-06-19T21:00:00,69,1,True
SYN-01041,Cancel request,"Hello support, my cancel cancel this order. Please help me resolve this today.",Refund Request,Low,Pending,Phone,2024-07-07T11:00:00,16,1,True
SYN-01368,Upgrade request,"Hello support, my upgrade want to compare options. Please help me resolve this soon.",Product Inquiry,Medium,Resolved,Phone,2024-06-11T19:00:00,80,4,True
SYN-02073,Support problem,"Hello support, my support have a general question. Please help me resolve this today.",General Support,High,Pending,Email,2024-08-25T09:00:00,113,2,True
SYN-00787,Locked problem,"Hello support, my locked code never arrived. Please help me resolve this soon.",Account Access,Low,Pending,Web,2024-02-18T09:00:00,34,3,True
SYN-00576,Billing question,"Hello support, my billing need a receipt. Please help me resolve this today.",Billing Inquiry,Medium,Open,Chat,2024-04-13T13:00:00,57,2,True
SYN-00023,Update question,"Hello support, my update will not start. Please help me resolve this soon.",Technical Issue,Medium,Open,Web,2024-05-24T00:00:00,24,5,True
SYN-01458,Upgrade help,"Hello support, my upgrade want to compare options. Please help me resolve this when possible.",Product Inquiry,Medium,Closed,Chat,2024-10-13T00:00:00,57,5,True
SYN-01533,Courier problem,"Hello support, my courier tracking is frozen. Please help me resolve this today.",Shipping Issue,Medium,Resolved,Chat,2024-08-26T22:00:00,16,2,True
SYN-01358,Product problem,"Hello support, my product need more information. Please help me resolve this when possible.",Product Inquiry,Critical,Closed,Web,2024-01-03T08:00:00,96,1,True
SYN-00449,Payment problem,"Hello support, my payment amount is incorrect. Please help me resolve this today.",Billing Inquiry,High,Open,Chat,2024-01-30T20:00:00,10,3,True
SYN-00704,Locked question,"Hello support, my locked cannot sign in. Please help me resolve this today.",Account Access,High,Closed,Chat,2024-08-15T04:00:00,41,5,True
SYN-02046,Guidance problem,"Hello support, my guidance please contact me. Please help me resolve this today.",General Support,High,Pending,Phone,2024-08-01T23:00:00,79,3,True
SYN-02075,Help request,"Hello support, my help please contact me. Please help me resolve this soon.",General Support,Critical,Closed,Phone,2024-09-01T03:00:00,102,4,True
SYN-01712,Tracking help,"Hello support, my tracking went to wrong address. Please help me resolve this today.",Shipping Issue,High,Open,Web,2024-04-26T00:00:00,109,3,True
SYN-01515,Tracking request,"Hello support, my tracking went to wrong address. Please help me resolve this today.",Shipping Issue,Medium,Closed,Email,2024-04-13T12:00:00,13,5,True
SYN-01434,Compatible question,"Hello support, my compatible which plan includes it. Please help me resolve this when possible.",Product Inquiry,High,Pending,Email,2024-01-01T02:00:00,10,1,True
SYN-00487,Invoice help,"Hello support, my invoice was charged twice. Please help me resolve this today.",Billing Inquiry,Low,Resolved,Chat,2024-06-09T23:00:00,119,3,True
SYN-01033,Refund question,"Hello support, my refund return was approved. Please help me resolve this when possible.",Refund Request,High,Pending,Phone,2024-04-23T01:00:00,47,2,True
SYN-00868,Account question,"Hello support, my account reset link expired. Please help me resolve this today.",Account Access,High,Closed,Chat,2024-03-20T23:00:00,64,1,True
SYN-00024,Crash problem,"Hello support, my crash keeps failing. Please help me resolve this today.",Technical Issue,Medium,Pending,Web,2024-08-10T14:00:00,70,4,True
SYN-01967,Question problem,"Hello support, my question have a general question. Please help me resolve this soon.",General Support,Medium,Pending,Phone,2024-09-23T16:00:00,65,3,True
SYN-01202,Plan question,"Hello support, my plan want to compare options. Please help me resolve this today.",Product Inquiry,Medium,Pending,Phone,2024-03-30T01:00:00,26,1,True
SYN-01917,Help help,"Hello support, my help have a general question. Please help me resolve this soon.",General Support,Low,Pending,Email,2024-06-22T12:00:00,6,4,True
SYN-01613,Delivery problem,"Hello support, my delivery tracking is frozen. Please help me resolve this today.",Shipping Issue,Medium,Pending,Email,2024-05-12T09:00:00,71,4,True
SYN-00010,Update request,"Hello support, my update will not start. Please help me resolve this when possible.",Technical Issue,High,Closed,Web,2024-03-31T09:00:00,18,3,True
SYN-00876,Login request,"Hello support, my login account is locked. Please help me resolve this today.",Account Access,Critical,Pending,Phone,2024-10-13T21:00:00,33,1,True
SYN-00967,Cancel help,"Hello support, my cancel return was approved. Please help me resolve this when possible.",Refund Request,Critical,Pending,Email,2024-05-05T18:00:00,58,3,True
SYN-01313,Plan question,"Hello support, my plan need more information. Please help me resolve this soon.",Product Inquiry,Medium,Closed,Chat,2024-03-04T20:00:00,117,1,True
SYN-01634,Delivery request,"Hello support, my delivery tracking is frozen. Please help me resolve this today.",Shipping Issue,Critical,Pending,Chat,2024-10-15T13:00:00,53,2,True
SYN-01724,Courier request,"Hello support, my courier tracking is frozen. Please help me resolve this when possible.",Shipping Issue,Medium,Open,Chat,2024-09-11T21:00:00,33,2,True
SYN-00352,Billing request,"Hello support, my billing amount is incorrect. Please help me resolve this when possible.",Billing Inquiry,Medium,Open,Web,2024-01-31T19:00:00,8,1,True
SYN-00167,Error problem,"Hello support, my error stopped working. Please help me resolve this today.",Technical Issue,Low,Resolved,Chat,2024-06-02T02:00:00,79,2,True
SYN-01592,Tracking problem,"Hello support, my tracking tracking is frozen. Please help me resolve this soon.",Shipping Issue,Medium,Open,Phone,2024-09-01T11:00:00,1,2,True
SYN-00694,Locked problem,"Hello support, my locked code never arrived. Please help me resolve this soon.",Account Access,High,Closed,Web,2024-04-04T14:00:00,7,5,True
SYN-01243,Compatible problem,"Hello support, my compatible need more information. Please help me resolve this when possible.",Product Inquiry,High,Closed,Web,2024-02-21T23:00:00,115,3,True
SYN-00632,Login request,"Hello support, my login cannot sign in. Please help me resolve this when possible.",Account Access,Critical,Closed,Chat,2024-08-09T07:00:00,3,1,True
SYN-01169,Return problem,"Hello support, my return return was approved. Please help me resolve this soon.",Refund Request,Medium,Open,Web,2024-05-27T11:00:00,75,3,True
SYN-01441,Upgrade help,"Hello support, my upgrade which plan includes it. Please help me resolve this when possible.",Product Inquiry,Critical,Closed,Email,2024-03-23T08:00:00,112,1,True
SYN-00459,Charged help,"Hello support, my charged payment was declined. Please help me resolve this today.",Billing Inquiry,Low,Resolved,Chat,2024-10-02T16:00:00,41,2,True
SYN-02001,Guidance problem,"Hello support, my guidance where can I find help. Please help me resolve this soon.",General Support,Low,Open,Web,2024-05-29T08:00:00,107,4,True
SYN-01595,Package question,"Hello support, my package package was damaged. Please help me resolve this soon.",Shipping Issue,Critical,Resolved,Chat,2024-01-04T14:00:00,90,3,True
SYN-01574,Shipment help,"Hello support, my shipment tracking is frozen. Please help me resolve this when possible.",Shipping Issue,High,Pending,Email,2024-11-10T07:00:00,63,5,True
SYN-01947,Question request,"Hello support, my question where can I find help. Please help me resolve this today.",General Support,Medium,Resolved,Web,2024-04-03T22:00:00,70,5,True
SYN-00363,Charged problem,"Hello support, my charged amount is incorrect. Please help me resolve this soon.",Billing Inquiry,Critical,Open,Web,2024-07-05T17:00:00,115,2,True
SYN-01217,Product request,"Hello support, my product want to compare options. Please help me resolve this soon.",Product Inquiry,Medium,Closed,Email,2024-01-16T03:00:00,29,3,True
SYN-00175,Device help,"Hello support, my device stopped working. Please help me resolve this soon.",Technical Issue,Low,Pending,Phone,2024-10-05T07:00:00,70,3,True
SYN-01959,Guidance problem,"Hello support, my guidance please contact me. Please help me resolve this today.",General Support,Low,Pending,Chat,2024-04-17T00:00:00,103,1,True
SYN-01776,Shipment question,"Hello support, my shipment tracking is frozen. Please help me resolve this soon.",Shipping Issue,Low,Pending,Web,2024-05-01T01:00:00,97,2,True
SYN-00883,Verification request,"Hello support, my verification code never arrived. Please help me resolve this today.",Account Access,Low,Pending,Phone,2024-03-04T11:00:00,32,5,True
SYN-01828,Contact problem,"Hello support, my contact please contact me. Please help me resolve this soon.",General Support,High,Resolved,Email,2024-06-23T04:00:00,6,2,True
SYN-01359,Product problem,"Hello support, my product which plan includes it. Please help me resolve this when possible.",Product Inquiry,Low,Closed,Web,2024-10-28T12:00:00,92,1,True
SYN-01739,Package question,"Hello support, my package has not arrived. Please help me resolve this soon.",Shipping Issue,Medium,Resolved,Web,2024-10-19T19:00:00,44,2,True
SYN-00155,Crash help,"Hello support, my crash shows an error. Please help me resolve this soon.",Technical Issue,High,Pending,Phone,2024-02-02T06:00:00,72,1,True
SYN-00909,Refund help,"Hello support, my refund cancel this order. Please help me resolve this when possible.",Refund Request,Critical,Pending,Web,2024-10-15T16:00:00,25,4,True
SYN-01558,Courier request,"Hello support, my courier package was damaged. Please help me resolve this soon.",Shipping Issue,Low,Open,Email,2024-04-07T04:00:00,21,3,True
SYN-00899,Locked help,"Hello support, my locked code never arrived. Please help me resolve this soon.",Account Access,Critical,Open,Chat,2024-09-01T06:00:00,64,2,True
SYN-00359,Billing request,"Hello support, my billing amount is incorrect. Please help me resolve this when possible.",Billing Inquiry,Low,Resolved,Phone,2024-03-31T12:00:00,27,1,True
SYN-01279,Feature problem,"Hello support, my feature is this supported. Please help me resolve this today.",Product Inquiry,Medium,Closed,Email,2024-06-26T11:00:00,96,1,True
SYN-01073,Purchase help,"Hello support, my purchase want my money back. Please help me resolve this soon.",Refund Request,High,Closed,Web,2024-10-05T17:00:00,89,2,True
SYN-02020,Guidance question,"Hello support, my guidance have a general question. Please help me resolve this when possible.",General Support,Critical,Pending,Email,2024-02-24T22:00:00,89,2,True
SYN-00659,Password help,"Hello support, my password cannot sign in. Please help me resolve this today.",Account Access,High,Resolved,Phone,2024-05-11T05:00:00,89,4,True
SYN-02051,Guidance problem,"Hello support, my guidance please contact me. Please help me resolve this today.",General Support,Critical,Closed,Web,2024-10-21T04:00:00,29,4,True
SYN-01085,Purchase problem,"Hello support, my purchase cancel this order. Please help me resolve this today.",Refund Request,Critical,Resolved,Web,2024-04-30T14:00:00,12,3,True
SYN-01992,Question request,"Hello support, my question have a general question. Please help me resolve this when possible.",General Support,Critical,Pending,Chat,2024-10-10T20:00:00,72,2,True
SYN-01331,Plan help,"Hello support, my plan which plan includes it. Please help me resolve this soon.",Product Inquiry,Low,Closed,Phone,2024-03-08T10:00:00,66,1,True
SYN-01095,Refund help,"Hello support, my refund cancel this order. Please help me resolve this soon.",Refund Request,Medium,Resolved,Chat,2024-10-25T05:00:00,92,1,True
SYN-02015,Question question,"Hello support, my question need some assistance. Please help me resolve this when possible.",General Support,High,Resolved,Web,2024-10-08T00:00:00,71,1,True
SYN-01310,Upgrade request,"Hello support, my upgrade which plan includes it. Please help me resolve this soon.",Product Inquiry,Medium,Closed,Phone,2024-01-31T23:00:00,66,1,True
SYN-00472,Card help,"Hello support, my card amount is incorrect. Please help me resolve this soon.",Billing Inquiry,Low,Closed,Web,2024-08-13T15:00:00,30,4,True
SYN-01596,Shipment problem,"Hello support, my shipment package was damaged. Please help me resolve this when possible.",Shipping Issue,Critical,Open,Web,2024-08-04T19:00:00,79,3,True
SYN-01157,Refund problem,"Hello support, my refund return was approved. Please help me resolve this when possible.",Refund Request,High,Closed,Email,2024-08-19T20:00:00,98,4,True
SYN-01889,Help problem,"Hello support, my help have a general question. Please help me resolve this soon.",General Support,Critical,Closed,Web,2024-02-29T03:00:00,5,3,True
SYN-00622,Locked request,"Hello support, my locked code never arrived. Please help me resolve this when possible.",Account Access,Medium,Closed,Web,2024-03-22T10:00:00,80,1,True
SYN-01259,Compatible help,"Hello support, my compatible want to compare options. Please help me resolve this soon.",Product Inquiry,Low,Resolved,Web,2024-02-09T12:00:00,23,2,True
SYN-00131,Screen help,"Hello support, my screen shows an error. Please help me resolve this today.",Technical Issue,Low,Open,Email,2024-05-07T18:00:00,20,4,True
SYN-00637,Locked problem,"Hello support, my locked cannot sign in. Please help me resolve this when possible.",Account Access,High,Open,Phone,2024-03-24T16:00:00,61,5,True
SYN-02007,Help help,"Hello support, my help please contact me. Please help me resolve this today.",General Support,High,Closed,Email,2024-01-11T10:00:00,48,5,True
SYN-01137,Money problem,"Hello support, my money want my money back. Please help me resolve this today.",Refund Request,Medium,Open,Email,2024-10-14T18:00:00,48,2,True
SYN-00273,Update request,"Hello support, my update will not start. Please help me resolve this soon.",Technical Issue,High,Pending,Web,2024-04-12T13:00:00,42,3,True
SYN-01407,Product problem,"Hello support, my product need more information. Please help me resolve this soon.",Product Inquiry,Medium,Closed,Email,2024-10-11T17:00:00,49,4,True
SYN-01303,Plan help,"Hello support, my plan which plan includes it. Please help me resolve this when possible.",Product Inquiry,Low,Closed,Email,2024-02-10T04:00:00,44,1,True
SYN-00536,Billing question,"Hello support, my billing was charged twice. Please help me resolve this soon.",Billing Inquiry,Medium,Open,Web,2024-04-18T02:00:00,72,3,True
SYN-00936,Purchase question,"Hello support, my purchase return was approved. Please help me resolve this when possible.",Refund Request,Critical,Pending,Phone,2024-03-26T23:00:00,13,2,True
SYN-01899,Question request,"Hello support, my question need some assistance. Please help me resolve this soon.",General Support,Critical,Resolved,Chat,2024-04-10T05:00:00,74,5,True
SYN-00007,Screen request,"Hello support, my screen will not start. Please help me resolve this when possible.",Technical Issue,High,Open,Chat,2024-05-06T08:00:00,46,5,True
SYN-01035,Money question,"Hello support, my money want my money back. Please help me resolve this soon.",Refund Request,Critical,Pending,Chat,2024-01-26T13:00:00,70,1,True
SYN-01014,Cancel request,"Hello support, my cancel want my money back. Please help me resolve this when possible.",Refund Request,Low,Resolved,Phone,2024-04-25T08:00:00,117,4,True
SYN-01705,Package request,"Hello support, my package tracking is frozen. Please help me resolve this soon.",Shipping Issue,High,Open,Phone,2024-06-27T04:00:00,105,4,True
SYN-01543,Shipment question,"Hello support, my shipment tracking is frozen. Please help me resolve this today.",Shipping Issue,Medium,Closed,Web,2024-04-13T14:00:00,107,4,True
SYN-00809,Locked help,"Hello support, my locked account is locked. Please help me resolve this soon.",Account Access,Low,Pending,Chat,2024-08-23T17:00:00,87,1,True
SYN-01397,Product problem,"Hello support, my product want to compare options. Please help me resolve this when possible.",Product Inquiry,Low,Resolved,Email,2024-10-02T03:00:00,63,5,True
SYN-00667,Verification problem,"Hello support, my verification reset link expired. Please help me resolve this today.",Account Access,Low,Closed,Chat,2024-10-12T03:00:00,76,1,True
SYN-01437,Feature request,"Hello support, my feature is this supported. Please help me resolve this when possible.",Product Inquiry,High,Resolved,Email,2024-03-11T06:00:00,57,1,True
SYN-00747,Login help,"Hello support, my login code never arrived. Please help me resolve this when possible.",Account Access,High,Resolved,Phone,2024-03-30T21:00:00,64,1,True
SYN-01980,Question help,"Hello support, my question have a general question. Please help me resolve this soon.",General Support,Critical,Open,Web,2024-02-22T14:00:00,120,4,True
SYN-00494,Billing question,"Hello support, my billing need a receipt. Please help me resolve this soon.",Billing Inquiry,Critical,Open,Web,2024-09-19T19:00:00,32,1,True
SYN-01945,Guidance help,"Hello support, my guidance where can I find help. Please help me resolve this when possible.",General Support,High,Pending,Email,2024-01-09T17:00:00,35,4,True
SYN-01342,Upgrade request,"Hello support, my upgrade which plan includes it. Please help me resolve this today.",Product Inquiry,High,Pending,Email,2024-02-03T03:00:00,29,5,True
SYN-01197,Purchase question,"Hello support, my purchase refund is missing. Please help me resolve this when possible.",Refund Request,Medium,Open,Web,2024-06-19T22:00:00,46,4,True
SYN-00489,Billing question,"Hello support, my billing amount is incorrect. Please help me resolve this today.",Billing Inquiry,Low,Pending,Chat,2024-03-09T20:00:00,109,1,True
SYN-00542,Payment problem,"Hello support, my payment amount is incorrect. Please help me resolve this today.",Billing Inquiry,Medium,Pending,Email,2024-02-02T20:00:00,67,2,True
SYN-00065,Crash help,"Hello support, my crash keeps failing. Please help me resolve this soon.",Technical Issue,Medium,Open,Chat,2024-11-13T01:00:00,40,1,True
SYN-00615,Locked problem,"Hello support, my locked account is locked. Please help me resolve this today.",Account Access,Low,Closed,Email,2024-07-03T12:00:00,57,1,True
SYN-01218,Feature question,"Hello support, my feature which plan includes it. Please help me resolve this soon.",Product Inquiry,Medium,Open,Phone,2024-11-15T21:00:00,4,5,True
SYN-02058,Contact help,"Hello support, my contact please contact me. Please help me resolve this soon.",General Support,Medium,Open,Chat,2024-09-14T10:00:00,113,5,True
SYN-01768,Package help,"Hello support, my package went to wrong address. Please help me resolve this when possible.",Shipping Issue,Low,Open,Web,2024-10-07T10:00:00,22,1,True
SYN-01925,Support question,"Hello support, my support need some assistance. Please help me resolve this when possible.",General Support,Medium,Open,Phone,2024-01-07T16:00:00,96,5,True
SYN-00521,Invoice help,"Hello support, my invoice was charged twice. Please help me resolve this when possible.",Billing Inquiry,Low,Closed,Web,2024-04-27T09:00:00,37,3,True
SYN-00554,Invoice request,"Hello support, my invoice need a receipt. Please help me resolve this when possible.",Billing Inquiry,Low,Resolved,Web,2024-07-13T05:00:00,118,2,True
SYN-00746,Verification help,"Hello support, my verification cannot sign in. Please help me resolve this when possible.",Account Access,Critical,Closed,Chat,2024-07-13T04:00:00,87,5,True
SYN-01335,Feature request,"Hello support, my feature need more information. Please help me resolve this when possible.",Product Inquiry,Critical,Closed,Phone,2024-02-13T00:00:00,94,3,True
SYN-01652,Delivery help,"Hello support, my delivery went to wrong address. Please help me resolve this when possible.",Shipping Issue,Critical,Closed,Web,2024-06-06T06:00:00,68,5,True
SYN-01444,Upgrade help,"Hello support, my upgrade want to compare options. Please help me resolve this today.",Product Inquiry,Low,Open,Email,2024-07-26T01:00:00,67,1,True
SYN-01097,Money help,"Hello support, my money return was approved. Please help me resolve this soon.",Refund Request,Critical,Open,Chat,2024-11-25T14:00:00,90,1,True
SYN-00206,Device question,"Hello support, my device shows an error. Please help me resolve this when possible.",Technical Issue,High,Closed,Phone,2024-02-25T11:00:00,51,4,True
SYN-00959,Return request,"Hello support, my return return was approved. Please help me resolve this today.",Refund Request,Critical,Pending,Email,2024-05-07T21:00:00,24,4,True
SYN-00740,Verification request,"Hello support, my verification code never arrived. Please help me resolve this soon.",Account Access,Low,Open,Phone,2024-06-23T13:00:00,36,4,True
SYN-00988,Refund help,"Hello support, my refund want my money back. Please help me resolve this soon.",Refund Request,Medium,Closed,Email,2024-03-23T05:00:00,51,4,True
SYN-01728,Shipment request,"Hello support, my shipment went to wrong address. Please help me resolve this when possible.",Shipping Issue,Medium,Pending,Web,2024-05-31T08:00:00,85,3,True
SYN-00195,Update help,"Hello support, my update will not start. Please help me resolve this soon.",Technical Issue,Critical,Open,Email,2024-10-01T16:00:00,104,2,True
SYN-01442,Plan question,"Hello support, my plan which plan includes it. Please help me resolve this soon.",Product Inquiry,High,Resolved,Email,2024-11-04T19:00:00,33,1,True
SYN-00906,Cancel question,"Hello support, my cancel cancel this order. Please help me resolve this today.",Refund Request,Medium,Resolved,Email,2024-09-11T08:00:00,105,3,True
SYN-01378,Product help,"Hello support, my product need more information. Please help me resolve this when possible.",Product Inquiry,Medium,Closed,Email,2024-09-02T18:00:00,114,3,True
SYN-00908,Return request,"Hello support, my return return was approved. Please help me resolve this soon.",Refund Request,Medium,Closed,Web,2024-09-03T21:00:00,96,3,True
SYN-00566,Billing problem,"Hello support, my billing was charged twice. Please help me resolve this soon.",Billing Inquiry,Low,Resolved,Chat,2024-08-25T06:00:00,90,1,True
SYN-00445,Billing request,"Hello support, my billing was charged twice. Please help me resolve this today.",Billing Inquiry,High,Closed,Email,2024-11-04T17:00:00,83,4,True
SYN-02059,Guidance help,"Hello support, my guidance where can I find help. Please help me resolve this today.",General Support,Medium,Pending,Web,2024-04-16T09:00:00,22,2,True
SYN-00108,Crash question,"Hello support, my crash will not start. Please help me resolve this when possible.",Technical Issue,High,Resolved,Email,2024-05-10T04:00:00,74,4,True
SYN-01172,Purchase problem,"Hello support, my purchase return was approved. Please help me resolve this soon.",Refund Request,Critical,Pending,Web,2024-04-12T18:00:00,40,4,True
SYN-00761,Password question,"Hello support, my password reset link expired. Please help me resolve this soon.",Account Access,Critical,Closed,Web,2024-01-10T10:00:00,32,1,True
SYN-00752,Locked help,"Hello support, my locked cannot sign in. Please help me resolve this soon.",Account Access,Low,Closed,Email,2024-04-18T00:00:00,49,2,True
SYN-01556,Tracking help,"Hello support, my tracking went to wrong address. Please help me resolve this today.",Shipping Issue,High,Closed,Chat,2024-01-09T15:00:00,4,4,True
SYN-00556,Payment problem,"Hello support, my payment need a receipt. Please help me resolve this today.",Billing Inquiry,Low,Closed,Email,2024-05-22T04:00:00,120,3,True
SYN-00785,Locked help,"Hello support, my locked cannot sign in. Please help me resolve this soon.",Account Access,Critical,Resolved,Chat,2024-01-02T19:00:00,33,5,True
SYN-01226,Feature problem,"Hello support, my feature is this supported. Please help me resolve this today.",Product Inquiry,Critical,Resolved,Email,2024-02-09T01:00:00,84,5,True
SYN-00651,Locked problem,"Hello support, my locked reset link expired. Please help me resolve this when possible.",Account Access,Low,Open,Chat,2024-11-20T10:00:00,77,4,True
SYN-00793,Login problem,"Hello support, my login reset link expired. Please help me resolve this today.",Account Access,Critical,Open,Phone,2024-05-22T03:00:00,118,1,True
SYN-00518,Payment question,"Hello support, my payment need a receipt. Please help me resolve this when possible.",Billing Inquiry,Critical,Pending,Chat,2024-06-08T11:00:00,112,5,True
SYN-01510,Tracking help,"Hello support, my tracking package was damaged. Please help me resolve this today.",Shipping Issue,Critical,Open,Chat,2024-11-15T20:00:00,67,4,True
SYN-01427,Plan help,"Hello support, my plan which plan includes it. Please help me resolve this when possible.",Product Inquiry,Critical,Open,Phone,2024-10-02T10:00:00,112,5,True
SYN-00496,Card question,"Hello support, my card amount is incorrect. Please help me resolve this today.",Billing Inquiry,High,Open,Web,2024-08-27T05:00:00,107,3,True
SYN-00220,Device question,"Hello support, my device keeps failing. Please help me resolve this soon.",Technical Issue,Critical,Pending,Web,2024-11-12T21:00:00,43,3,True
SYN-01114,Money request,"Hello support, my money want my money back. Please help me resolve this soon.",Refund Request,High,Pending,Chat,2024-09-10T09:00:00,94,2,True
SYN-01082,Cancel help,"Hello support, my cancel cancel this order. Please help me resolve this today.",Refund Request,Critical,Pending,Chat,2024-07-31T19:00:00,110,5,True
SYN-01794,Delivery request,"Hello support, my delivery has not arrived. Please help me resolve this soon.",Shipping Issue,Low,Open,Chat,2024-02-09T18:00:00,96,1,True
SYN-00864,Password problem,"Hello support, my password cannot sign in. Please help me resolve this today.",Account Access,Medium,Closed,Web,2024-07-26T19:00:00,61,4,True
SYN-00514,Charged request,"Hello support, my charged was charged twice. Please help me resolve this when possible.",Billing Inquiry,Medium,Resolved,Email,2024-10-18T13:00:00,3,2,True
SYN-00212,Update question,"Hello support, my update will not start. Please help me resolve this when possible.",Technical Issue,High,Pending,Phone,2024-11-22T18:00:00,32,3,True
SYN-00917,Return question,"Hello support, my return return was approved. Please help me resolve this soon.",Refund Request,Critical,Pending,Phone,2024-10-24T02:00:00,27,5,True
SYN-00902,Cancel help,"Hello support, my cancel return was approved. Please help me resolve this when possible.",Refund Request,High,Closed,Web,2024-07-18T07:00:00,6,4,True
SYN-00233,Screen help,"Hello support, my screen stopped working. Please help me resolve this soon.",Technical Issue,Low,Pending,Phone,2024-06-02T02:00:00,112,1,True
SYN-01779,Tracking question,"Hello support, my tracking tracking is frozen. Please help me resolve this when possible.",Shipping Issue,Medium,Closed,Email,2024-10-10T10:00:00,36,3,True
SYN-01672,Courier help,"Hello support, my courier went to wrong address. Please help me resolve this soon.",Shipping Issue,High,Resolved,Email,2024-05-20T20:00:00,96,2,True
SYN-00469,Billing problem,"Hello support, my billing payment was declined. Please help me resolve this when possible.",Billing Inquiry,High,Closed,Chat,2024-07-19T14:00:00,84,5,True
SYN-00893,Login request,"Hello support, my login cannot sign in. Please help me resolve this soon.",Account Access,Low,Resolved,Chat,2024-10-10T19:00:00,87,3,True
SYN-00810,Password request,"Hello support, my password cannot sign in. Please help me resolve this today.",Account Access,Medium,Closed,Chat,2024-10-05T12:00:00,3,2,True
SYN-01482,Feature question,"Hello support, my feature need more information. Please help me resolve this when possible.",Product Inquiry,Medium,Resolved,Email,2024-03-05T04:00:00,12,5,True
SYN-00547,Card request,"Hello support, my card was charged twice. Please help me resolve this when possible.",Billing Inquiry,Critical,Open,Phone,2024-07-13T13:00:00,81,4,True
SYN-01264,Product question,"Hello support, my product need more information. Please help me resolve this soon.",Product Inquiry,Low,Open,Chat,2024-09-23T09:00:00,91,3,True
SYN-01124,Return problem,"Hello support, my return cancel this order. Please help me resolve this when possible.",Refund Request,High,Pending,Chat,2024-11-24T07:00:00,51,4,True
SYN-00062,Update help,"Hello support, my update shows an error. Please help me resolve this today.",Technical Issue,Low,Resolved,Chat,2024-10-11T23:00:00,11,1,True
SYN-00800,Verification help,"Hello support, my verification account is locked. Please help me resolve this today.",Account Access,Critical,Resolved,Chat,2024-07-11T04:00:00,77,4,True
SYN-00851,Password question,"Hello support, my password code never arrived. Please help me resolve this soon.",Account Access,Low,Closed,Email,2024-01-29T21:00:00,104,3,True
SYN-00579,Billing request,"Hello support, my billing was charged twice. Please help me resolve this today.",Billing Inquiry,Critical,Open,Phone,2024-02-25T21:00:00,25,4,True
SYN-01723,Courier question,"Hello support, my courier has not arrived. Please help me resolve this when possible.",Shipping Issue,Critical,Open,Email,2024-08-29T06:00:00,54,4,True
SYN-00176,Crash question,"Hello support, my crash shows an error. Please help me resolve this soon.",Technical Issue,Critical,Closed,Web,2024-04-03T06:00:00,16,3,True
SYN-00631,Locked question,"Hello support, my locked code never arrived. Please help me resolve this soon.",Account Access,Medium,Resolved,Chat,2024-10-14T20:00:00,119,2,True
SYN-01105,Refund help,"Hello support, my refund want my money back. Please help me resolve this today.",Refund Request,Critical,Open,Web,2024-08-09T17:00:00,3,5,True
SYN-00889,Verification question,"Hello support, my verification reset link expired. Please help me resolve this when possible.",Account Access,Critical,Pending,Web,2024-03-22T14:00:00,62,2,True
SYN-00706,Login question,"Hello support, my login account is locked. Please help me resolve this soon.",Account Access,High,Pending,Web,2024-08-08T22:00:00,91,3,True
SYN-01748,Tracking help,"Hello support, my tracking went to wrong address. Please help me resolve this today.",Shipping Issue,Medium,Open,Email,2024-06-06T07:00:00,8,2,True
SYN-00364,Card problem,"Hello support, my card need a receipt. Please help me resolve this soon.",Billing Inquiry,Medium,Pending,Web,2024-02-23T14:00:00,7,5,True
SYN-01906,Question request,"Hello support, my question need some assistance. Please help me resolve this today.",General Support,Medium,Closed,Email,2024-03-29T12:00:00,10,4,True
SYN-01119,Money help,"Hello support, my money cancel this order. Please help me resolve this today.",Refund Request,Medium,Resolved,Email,2024-08-04T06:00:00,117,2,True
SYN-00564,Invoice request,"Hello support, my invoice was charged twice. Please help me resolve this soon.",Billing Inquiry,Low,Resolved,Email,2024-11-19T21:00:00,80,3,True
SYN-00241,Device help,"Hello support, my device shows an error. Please help me resolve this today.",Technical Issue,High,Closed,Chat,2024-08-25T16:00:00,54,5,True
SYN-01318,Compatible request,"Hello support, my compatible which plan includes it. Please help me resolve this soon.",Product Inquiry,Low,Pending,Chat,2024-06-05T13:00:00,51,2,True
SYN-00894,Verification question,"Hello support, my verification reset link expired. Please help me resolve this when possible.",Account Access,Medium,Closed,Email,2024-05-06T04:00:00,104,1,True
SYN-00277,Screen help,"Hello support, my screen will not start. Please help me resolve this today.",Technical Issue,Critical,Closed,Web,2024-09-01T03:00:00,55,5,True
SYN-02019,Question question,"Hello support, my question please contact me. Please help me resolve this today.",General Support,Low,Open,Web,2024-10-29T21:00:00,93,5,True
SYN-01267,Product question,"Hello support, my product want to compare options. Please help me resolve this soon.",Product Inquiry,Low,Pending,Chat,2024-01-15T10:00:00,21,1,True
SYN-01547,Package help,"Hello support, my package tracking is frozen. Please help me resolve this today.",Shipping Issue,Low,Closed,Phone,2024-05-06T03:00:00,73,4,True
SYN-00647,Locked question,"Hello support, my locked cannot sign in. Please help me resolve this soon.",Account Access,High,Resolved,Phone,2024-02-03T05:00:00,118,3,True
SYN-01501,Delivery help,"Hello support, my delivery has not arrived. Please help me resolve this when possible.",Shipping Issue,Critical,Resolved,Web,2024-01-07T18:00:00,84,4,True
SYN-01683,Tracking request,"Hello support, my tracking went to wrong address. Please help me resolve this today.",Shipping Issue,Critical,Pending,Chat,2024-08-15T09:00:00,42,1,True
SYN-01484,Upgrade problem,"Hello support, my upgrade is this supported. Please help me resolve this today.",Product Inquiry,Low,Closed,Chat,2024-06-22T15:00:00,48,2,True
SYN-00194,Device help,"Hello support, my device shows an error. Please help me resolve this when possible.",Technical Issue,Low,Closed,Phone,2024-08-10T06:00:00,27,3,True
SYN-02003,Help help,"Hello support, my help have a general question. Please help me resolve this when possible.",General Support,High,Open,Web,2024-04-06T07:00:00,1,5,True
SYN-01534,Shipment question,"Hello support, my shipment went to wrong address. Please help me resolve this today.",Shipping Issue,Critical,Resolved,Phone,2024-07-24T07:00:00,53,2,True
SYN-00199,Screen request,"Hello support, my screen shows an error. Please help me resolve this soon.",Technical Issue,Critical,Closed,Phone,2024-03-05T19:00:00,98,4,True
SYN-00345,Billing request,"Hello support, my billing was charged twice. Please help me resolve this when possible.",Billing Inquiry,High,Closed,Web,2024-01-12T19:00:00,79,5,True
SYN-02011,Contact problem,"Hello support, my contact where can I find help. Please help me resolve this when possible.",General Support,Medium,Closed,Phone,2024-06-04T23:00:00,38,4,True
SYN-00166,Crash question,"Hello support, my crash shows an error. Please help me resolve this today.",Technical Issue,Medium,Open,Phone,2024-11-13T17:00:00,13,4,True
SYN-00766,Password question,"Hello support, my password cannot sign in. Please help me resolve this soon.",Account Access,Critical,Resolved,Email,2024-02-29T18:00:00,28,4,True
SYN-00202,Screen question,"Hello support, my screen shows an error. Please help me resolve this today.",Technical Issue,Critical,Open,Chat,2024-09-17T17:00:00,52,3,True
SYN-01738,Courier question,"Hello support, my courier tracking is frozen. Please help me resolve this today.",Shipping Issue,Critical,Closed,Chat,2024-08-02T15:00:00,52,2,True
SYN-00006,Crash problem,"Hello support, my crash will not start. Please help me resolve this today.",Technical Issue,Low,Closed,Phone,2024-09-20T20:00:00,38,4,True
SYN-01610,Tracking problem,"Hello support, my tracking package was damaged. Please help me resolve this today.",Shipping Issue,Medium,Pending,Phone,2024-02-09T13:00:00,72,2,True
SYN-01650,Tracking question,"Hello support, my tracking tracking is frozen. Please help me resolve this when possible.",Shipping Issue,High,Closed,Chat,2024-03-23T13:00:00,111,4,True
SYN-00724,Locked problem,"Hello support, my locked cannot sign in. Please help me resolve this today.",Account Access,Medium,Open,Web,2024-05-22T10:00:00,59,3,True
SYN-00173,Crash request,"Hello support, my crash shows an error. Please help me resolve this when possible.",Technical Issue,Critical,Closed,Chat,2024-07-05T08:00:00,44,2,True
SYN-00879,Locked problem,"Hello support, my locked code never arrived. Please help me resolve this when possible.",Account Access,Low,Resolved,Web,2024-01-23T10:00:00,14,4,True
SYN-01979,Support question,"Hello support, my support please contact me. Please help me resolve this when possible.",General Support,Medium,Pending,Email,2024-08-10T14:00:00,60,1,True
SYN-01031,Refund question,"Hello support, my refund want my money back. Please help me resolve this today.",Refund Request,High,Closed,Phone,2024-08-13T10:00:00,96,5,True
SYN-01069,Cancel question,"Hello support, my cancel refund is missing. Please help me resolve this soon.",Refund Request,Low,Resolved,Email,2024-05-20T11:00:00,93,2,True
SYN-01523,Shipment problem,"Hello support, my shipment has not arrived. Please help me resolve this today.",Shipping Issue,Low,Open,Phone,2024-04-23T15:00:00,71,4,True
SYN-01817,Support problem,"Hello support, my support need some assistance. Please help me resolve this when possible.",General Support,High,Open,Web,2024-04-10T00:00:00,81,4,True
SYN-00443,Charged request,"Hello support, my charged was charged twice. Please help me resolve this soon.",Billing Inquiry,Critical,Open,Phone,2024-06-26T16:00:00,9,2,True
SYN-01726,Package request,"Hello support, my package has not arrived. Please help me resolve this when possible.",Shipping Issue,Low,Open,Web,2024-07-15T02:00:00,1,1,True
SYN-00059,Update question,"Hello support, my update stopped working. Please help me resolve this when possible.",Technical Issue,Critical,Pending,Web,2024-01-10T21:00:00,50,2,True
SYN-01248,Plan request,"Hello support, my plan is this supported. Please help me resolve this today.",Product Inquiry,Low,Pending,Email,2024-02-02T18:00:00,27,4,True
SYN-00563,Charged request,"Hello support, my charged need a receipt. Please help me resolve this today.",Billing Inquiry,High,Pending,Email,2024-01-16T07:00:00,119,1,True
SYN-02052,Question request,"Hello support, my question please contact me. Please help me resolve this today.",General Support,High,Open,Email,2024-04-21T23:00:00,2,4,True
SYN-01798,Courier question,"Hello support, my courier tracking is frozen. Please help me resolve this soon.",Shipping Issue,Low,Open,Chat,2024-07-31T00:00:00,27,3,True
SYN-00204,Update question,"Hello support, my update shows an error. Please help me resolve this today.",Technical Issue,Medium,Closed,Email,2024-09-28T07:00:00,44,1,True
SYN-01741,Tracking problem,"Hello support, my tracking package was damaged. Please help me resolve this today.",Shipping Issue,Critical,Pending,Chat,2024-05-20T18:00:00,69,2,True
SYN-00985,Cancel request,"Hello support, my cancel return was approved. Please help me resolve this when possible.",Refund Request,Low,Resolved,Email,2024-03-12T14:00:00,28,2,True
SYN-01038,Purchase request,"Hello support, my purchase want my money back. Please help me resolve this when possible.",Refund Request,Critical,Closed,Email,2024-09-28T03:00:00,89,2,True
SYN-00668,Password help,"Hello support, my password code never arrived. Please help me resolve this soon.",Account Access,Low,Pending,Phone,2024-04-25T03:00:00,104,2,True
SYN-01333,Plan request,"Hello support, my plan need more information. Please help me resolve this soon.",Product Inquiry,High,Closed,Email,2024-07-04T06:00:00,35,4,True
SYN-01288,Upgrade help,"Hello support, my upgrade need more information. Please help me resolve this soon.",Product Inquiry,High,Closed,Chat,2024-02-13T05:00:00,103,2,True
SYN-00708,Locked problem,"Hello support, my locked reset link expired. Please help me resolve this soon.",Account Access,Low,Pending,Chat,2024-06-01T05:00:00,46,3,True
SYN-00590,Charged request,"Hello support, my charged amount is incorrect. Please help me resolve this today.",Billing Inquiry,High,Open,Web,2024-11-02T16:00:00,17,4,True
SYN-00285,Error help,"Hello support, my error will not start. Please help me resolve this soon.",Technical Issue,Low,Pending,Web,2024-08-06T14:00:00,85,5,True
SYN-01572,Shipment request,"Hello support, my shipment has not arrived. Please help me resolve this when possible.",Shipping Issue,High,Pending,Email,2024-08-09T03:00:00,81,3,True
SYN-00609,Password help,"Hello support, my password reset link expired. Please help me resolve this when possible.",Account Access,High,Resolved,Chat,2024-04-26T02:00:00,119,1,True
SYN-01080,Purchase request,"Hello support, my purchase want my money back. Please help me resolve this when possible.",Refund Request,Critical,Open,Email,2024-04-09T00:00:00,21,2,True
SYN-01502,Tracking question,"Hello support, my tracking package was damaged. Please help me resolve this when possible.",Shipping Issue,Critical,Closed,Chat,2024-07-28T02:00:00,33,4,True
SYN-00417,Card problem,"Hello support, my card need a receipt. Please help me resolve this when possible.",Billing Inquiry,Medium,Closed,Web,2024-09-22T22:00:00,46,1,True
SYN-01944,Guidance question,"Hello support, my guidance where can I find help. Please help me resolve this when possible.",General Support,Critical,Closed,Chat,2024-08-27T14:00:00,82,3,True
SYN-01462,Upgrade problem,"Hello support, my upgrade is this supported. Please help me resolve this soon.",Product Inquiry,Critical,Closed,Web,2024-06-07T19:00:00,35,1,True
SYN-01380,Upgrade question,"Hello support, my upgrade is this supported. Please help me resolve this when possible.",Product Inquiry,Critical,Open,Chat,2024-04-26T10:00:00,36,4,True
SYN-01471,Feature problem,"Hello support, my feature which plan includes it. Please help me resolve this when possible.",Product Inquiry,Low,Resolved,Email,2024-01-07T23:00:00,113,2,True
SYN-01890,Question question,"Hello support, my question please contact me. Please help me resolve this today.",General Support,Medium,Closed,Email,2024-08-15T18:00:00,66,1,True
SYN-01745,Shipment request,"Hello support, my shipment went to wrong address. Please help me resolve this when possible.",Shipping Issue,High,Open,Web,2024-02-04T03:00:00,12,3,True
SYN-00869,Password question,"Hello support, my password code never arrived. Please help me resolve this when possible.",Account Access,Critical,Pending,Chat,2024-02-07T20:00:00,112,5,True
SYN-01505,Tracking question,"Hello support, my tracking package was damaged. Please help me resolve this today.",Shipping Issue,Critical,Closed,Web,2024-02-12T16:00:00,108,4,True
SYN-01381,Feature help,"Hello support, my feature which plan includes it. Please help me resolve this soon.",Product Inquiry,Medium,Pending,Email,2024-10-31T22:00:00,66,4,True
SYN-01583,Courier help,"Hello support, my courier package was damaged. Please help me resolve this today.",Shipping Issue,Low,Resolved,Phone,2024-07-09T18:00:00,90,1,True
SYN-01641,Courier problem,"Hello support, my courier went to wrong address. Please help me resolve this soon.",Shipping Issue,Critical,Closed,Web,2024-05-02T17:00:00,49,1,True
SYN-00498,Charged question,"Hello support, my charged was charged twice. Please help me resolve this today.",Billing Inquiry,Medium,Pending,Chat,2024-09-08T00:00:00,31,5,True
SYN-01278,Product problem,"Hello support, my product want to compare options. Please help me resolve this today.",Product Inquiry,Critical,Open,Web,2024-06-24T14:00:00,72,2,True
SYN-00884,Verification request,"Hello support, my verification account is locked. Please help me resolve this today.",Account Access,Critical,Resolved,Phone,2024-04-16T05:00:00,75,3,True
SYN-01203,Compatible problem,"Hello support, my compatible want to compare options. Please help me resolve this soon.",Product Inquiry,Low,Closed,Email,2024-01-25T21:00:00,104,5,True
SYN-00815,Locked problem,"Hello support, my locked code never arrived. Please help me resolve this when possible.",Account Access,Low,Closed,Phone,2024-03-20T03:00:00,92,5,True
SYN-01675,Shipment help,"Hello support, my shipment package was damaged. Please help me resolve this soon.",Shipping Issue,Medium,Resolved,Chat,2024-07-19T20:00:00,28,5,True
SYN-00545,Invoice help,"Hello support, my invoice payment was declined. Please help me resolve this soon.",Billing Inquiry,Low,Resolved,Email,2024-07-09T11:00:00,96,1,True
SYN-00260,Device problem,"Hello support, my device stopped working. Please help me resolve this when possible.",Technical Issue,High,Open,Chat,2024-04-02T12:00:00,6,3,True
SYN-00627,Password question,"Hello support, my password account is locked. Please help me resolve this soon.",Account Access,High,Open,Email,2024-04-12T07:00:00,73,5,True
SYN-00168,Device question,"Hello support, my device stopped working. Please help me resolve this today.",Technical Issue,High,Open,Email,2024-02-07T22:00:00,100,2,True
SYN-01701,Delivery problem,"Hello support, my delivery went to wrong address. Please help me resolve this today.",Shipping Issue,Medium,Open,Email,2024-04-15T15:00:00,70,2,True
SYN-00047,Device request,"Hello support, my device keeps failing. Please help me resolve this soon.",Technical Issue,High,Closed,Web,2024-04-13T17:00:00,37,4,True
SYN-00958,Return problem,"Hello support, my return refund is missing. Please help me resolve this when possible.",Refund Request,Critical,Closed,Phone,2024-01-01T12:00:00,13,4,True
SYN-00707,Login request,"Hello support, my login code never arrived. Please help me resolve this when possible.",Account Access,Low,Resolved,Email,2024-11-03T06:00:00,6,4,True
SYN-02074,Guidance problem,"Hello support, my guidance need some assistance. Please help me resolve this soon.",General Support,High,Closed,Chat,2024-05-22T15:00:00,43,1,True
SYN-00018,Update request,"Hello support, my update stopped working. Please help me resolve this today.",Technical Issue,High,Open,Chat,2024-02-11T07:00:00,32,5,True
SYN-01617,Tracking problem,"Hello support, my tracking went to wrong address. Please help me resolve this soon.",Shipping Issue,Low,Closed,Email,2024-06-18T16:00:00,99,5,True
SYN-00198,Update problem,"Hello support, my update will not start. Please help me resolve this soon.",Technical Issue,Critical,Closed,Chat,2024-02-18T02:00:00,13,2,True
SYN-02012,Guidance problem,"Hello support, my guidance have a general question. Please help me resolve this when possible.",General Support,Medium,Resolved,Email,2024-09-24T15:00:00,10,5,True
SYN-01294,Feature question,"Hello support, my feature which plan includes it. Please help me resolve this when possible.",Product Inquiry,Critical,Pending,Chat,2024-10-18T23:00:00,60,4,True
SYN-01778,Shipment question,"Hello support, my shipment went to wrong address. Please help me resolve this soon.",Shipping Issue,Low,Pending,Email,2024-05-20T08:00:00,102,3,True
SYN-00829,Verification help,"Hello support, my verification account is locked. Please help me resolve this today.",Account Access,Low,Open,Email,2024-11-18T03:00:00,4,3,True
SYN-01011,Return problem,"Hello support, my return refund is missing. Please help me resolve this soon.",Refund Request,Low,Pending,Email,2024-06-18T22:00:00,66,4,True
SYN-01706,Shipment help,"Hello support, my shipment has not arrived. Please help me resolve this today.",Shipping Issue,Medium,Pending,Web,2024-10-02T13:00:00,66,5,True
SYN-00145,Error question,"Hello support, my error stopped working. Please help me resolve this today.",Technical Issue,Critical,Open,Chat,2024-10-10T23:00:00,89,4,True
SYN-01467,Feature request,"Hello support, my feature want to compare options. Please help me resolve this today.",Product Inquiry,Medium,Pending,Email,2024-09-06T07:00:00,21,4,True
SYN-01221,Plan question,"Hello support, my plan need more information. Please help me resolve this soon.",Product Inquiry,Critical,Open,Phone,2024-03-26T07:00:00,99,3,True
SYN-00994,Return problem,"Hello support, my return return was approved. Please help me resolve this when possible.",Refund Request,High,Open,Email,2024-08-10T18:00:00,21,1,True
SYN-00675,Login help,"Hello support, my login reset link expired. Please help me resolve this soon.",Account Access,Medium,Pending,Email,2024-08-21T21:00:00,109,1,True
SYN-00944,Return request,"Hello support, my return want my money back. Please help me resolve this today.",Refund Request,Low,Closed,Web,2024-02-29T06:00:00,76,3,True
SYN-00223,Error request,"Hello support, my error will not start. Please help me resolve this today.",Technical Issue,High,Closed,Chat,2024-06-11T23:00:00,42,4,True
SYN-00133,Update question,"Hello support, my update keeps failing. Please help me resolve this soon.",Technical Issue,Low,Pending,Chat,2024-11-26T13:00:00,37,4,True
SYN-01184,Cancel help,"Hello support, my cancel want my money back. Please help me resolve this soon.",Refund Request,High,Closed,Web,2024-11-23T08:00:00,76,1,True
SYN-00933,Money request,"Hello support, my money refund is missing. Please help me resolve this today.",Refund Request,High,Resolved,Chat,2024-02-11T05:00:00,30,1,True
SYN-00611,Login problem,"Hello support, my login cannot sign in. Please help me resolve this today.",Account Access,High,Open,Phone,2024-04-23T18:00:00,60,2,True
SYN-00122,Error request,"Hello support, my error will not start. Please help me resolve this today.",Technical Issue,Medium,Pending,Chat,2024-09-25T14:00:00,73,3,True
SYN-00764,Login request,"Hello support, my login code never arrived. Please help me resolve this today.",Account Access,Low,Open,Phone,2024-11-17T22:00:00,108,4,True
SYN-00794,Account problem,"Hello support, my account cannot sign in. Please help me resolve this soon.",Account Access,Medium,Open,Email,2024-05-14T13:00:00,48,4,True
SYN-01162,Return problem,"Hello support, my return refund is missing. Please help me resolve this today.",Refund Request,Critical,Open,Phone,2024-05-02T16:00:00,27,5,True
SYN-01068,Return help,"Hello support, my return want my money back. Please help me resolve this today.",Refund Request,Medium,Closed,Chat,2024-01-05T06:00:00,73,5,True
SYN-00409,Billing question,"Hello support, my billing was charged twice. Please help me resolve this when possible.",Billing Inquiry,Medium,Resolved,Web,2024-07-26T20:00:00,26,3,True
SYN-01525,Courier question,"Hello support, my courier package was damaged. Please help me resolve this today.",Shipping Issue,High,Resolved,Chat,2024-05-18T23:00:00,91,4,True
SYN-00928,Refund request,"Hello support, my refund want my money back. Please help me resolve this soon.",Refund Request,High,Pending,Chat,2024-08-19T05:00:00,35,1,True
SYN-02013,Guidance help,"Hello support, my guidance where can I find help. Please help me resolve this soon.",General Support,Medium,Pending,Chat,2024-11-16T20:00:00,18,5,True
SYN-01943,Contact help,"Hello support, my contact please contact me. Please help me resolve this when possible.",General Support,Critical,Pending,Phone,2024-02-06T12:00:00,100,1,True
SYN-01734,Tracking question,"Hello support, my tracking tracking is frozen. Please help me resolve this when possible.",Shipping Issue,High,Open,Phone,2024-02-07T11:00:00,35,5,True
SYN-01109,Refund question,"Hello support, my refund want my money back. Please help me resolve this when possible.",Refund Request,High,Resolved,Chat,2024-01-09T23:00:00,20,5,True
SYN-00336,Payment request,"Hello support, my payment payment was declined. Please help me resolve this today.",Billing Inquiry,Medium,Pending,Email,2024-06-03T12:00:00,35,2,True
SYN-01519,Delivery request,"Hello support, my delivery went to wrong address. Please help me resolve this when possible.",Shipping Issue,High,Closed,Chat,2024-01-24T12:00:00,23,1,True
SYN-00322,Charged request,"Hello support, my charged amount is incorrect. Please help me resolve this when possible.",Billing Inquiry,Low,Pending,Web,2024-01-05T07:00:00,91,3,True
SYN-01443,Feature help,"Hello support, my feature want to compare options. Please help me resolve this today.",Product Inquiry,Critical,Resolved,Email,2024-03-23T20:00:00,75,4,True
SYN-01879,Guidance help,"Hello support, my guidance have a general question. Please help me resolve this today.",General Support,Medium,Closed,Email,2024-09-06T00:00:00,14,4,True
SYN-00492,Charged help,"Hello support, my charged was charged twice. Please help me resolve this when possible.",Billing Inquiry,Low,Resolved,Chat,2024-06-04T05:00:00,120,4,True
SYN-01860,Help help,"Hello support, my help have a general question. Please help me resolve this soon.",General Support,Low,Open,Phone,2024-09-29T15:00:00,55,2,True
SYN-01045,Purchase help,"Hello support, my purchase want my money back. Please help me resolve this when possible.",Refund Request,High,Pending,Web,2024-09-03T15:00:00,96,2,True
SYN-00453,Billing request,"Hello support, my billing amount is incorrect. Please help me resolve this today.",Billing Inquiry,Critical,Resolved,Chat,2024-06-10T18:00:00,21,3,True
SYN-01324,Feature request,"Hello support, my feature want to compare options. Please help me resolve this today.",Product Inquiry,Critical,Pending,Email,2024-11-08T04:00:00,10,2,True
SYN-01742,Tracking question,"Hello support, my tracking went to wrong address. Please help me resolve this today.",Shipping Issue,Critical,Open,Phone,2024-02-03T01:00:00,5,5,True
SYN-01452,Plan question,"Hello support, my plan is this supported. Please help me resolve this today.",Product Inquiry,Low,Pending,Phone,2024-11-23T10:00:00,22,5,True
SYN-01289,Feature request,"Hello support, my feature is this supported. Please help me resolve this today.",Product Inquiry,Medium,Closed,Email,2024-03-14T21:00:00,12,3,True
SYN-00398,Billing request,"Hello support, my billing was charged twice. Please help me resolve this today.",Billing Inquiry,Critical,Resolved,Chat,2024-04-17T23:00:00,111,3,True
SYN-01057,Refund question,"Hello support, my refund return was approved. Please help me resolve this when possible.",Refund Request,Medium,Closed,Chat,2024-03-01T18:00:00,55,3,True
SYN-01127,Money question,"Hello support, my money cancel this order. Please help me resolve this soon.",Refund Request,Low,Open,Chat,2024-07-25T03:00:00,106,3,True
SYN-00001,Crash request,"Hello support, my crash keeps failing. Please help me resolve this today.",Technical Issue,Medium,Open,Email,2024-09-10T02:00:00,36,5,True
SYN-01819,Question help,"Hello support, my question please contact me. Please help me resolve this soon.",General Support,Critical,Resolved,Web,2024-04-02T04:00:00,3,2,True
SYN-01153,Refund help,"Hello support, my refund cancel this order. Please help me resolve this soon.",Refund Request,Critical,Open,Chat,2024-03-18T07:00:00,113,3,True
SYN-00858,Locked request,"Hello support, my locked cannot sign in. Please help me resolve this soon.",Account Access,Critical,Closed,Email,2024-03-25T01:00:00,98,5,True
SYN-01803,Guidance question,"Hello support, my guidance where can I find help. Please help me resolve this when possible.",General Support,Critical,Open,Phone,2024-10-23T19:00:00,100,2,True
SYN-00769,Account question,"Hello support, my account code never arrived. Please help me resolve this when possible.",Account Access,Low,Pending,Web,2024-04-15T13:00:00,82,4,True
SYN-01854,Question help,"Hello support, my question need some assistance. Please help me resolve this soon.",General Support,High,Open,Web,2024-07-10T02:00:00,91,5,True
SYN-00317,Charged help,"Hello support, my charged need a receipt. Please help me resolve this soon.",Billing Inquiry,Medium,Closed,Email,2024-10-20T19:00:00,108,1,True
SYN-00399,Invoice request,"Hello support, my invoice amount is incorrect. Please help me resolve this today.",Billing Inquiry,Medium,Closed,Email,2024-06-03T07:00:00,36,2,True
SYN-01711,Courier problem,"Hello support, my courier package was damaged. Please help me resolve this today.",Shipping Issue,High,Pending,Phone,2024-04-10T03:00:00,5,4,True
SYN-00551,Billing question,"Hello support, my billing amount is incorrect. Please help me resolve this when possible.",Billing Inquiry,Low,Pending,Phone,2024-09-04T21:00:00,5,1,True
SYN-01224,Compatible problem,"Hello support, my compatible want to compare options. Please help me resolve this soon.",Product Inquiry,High,Open,Web,2024-01-20T23:00:00,75,2,True
SYN-01922,Contact request,"Hello support, my contact where can I find help. Please help me resolve this today.",General Support,High,Open,Chat,2024-05-29T02:00:00,106,2,True
SYN-01103,Money request,"Hello support, my money cancel this order. Please help me resolve this soon.",Refund Request,Critical,Resolved,Chat,2024-02-08T16:00:00,119,5,True
SYN-00544,Payment problem,"Hello support, my payment was charged twice. Please help me resolve this today.",Billing Inquiry,Medium,Closed,Email,2024-07-25T19:00:00,92,4,True
SYN-00113,Screen help,"Hello support, my screen shows an error. Please help me resolve this today.",Technical Issue,Medium,Pending,Web,2024-10-01T12:00:00,15,5,True
SYN-01126,Purchase problem,"Hello support, my purchase cancel this order. Please help me resolve this soon.",Refund Request,Medium,Open,Phone,2024-05-07T15:00:00,115,5,True
SYN-01298,Product problem,"Hello support, my product want to compare options. Please help me resolve this today.",Product Inquiry,High,Open,Chat,2024-02-29T07:00:00,61,2,True
SYN-01361,Feature problem,"Hello support, my feature is this supported. Please help me resolve this when possible.",Product Inquiry,Medium,Resolved,Web,2024-10-16T03:00:00,34,3,True
SYN-00009,Crash problem,"Hello support, my crash shows an error. Please help me resolve this today.",Technical Issue,High,Pending,Web,2024-05-16T22:00:00,35,4,True
SYN-00916,Cancel problem,"Hello support, my cancel refund is missing. Please help me resolve this today.",Refund Request,Critical,Closed,Email,2024-05-13T11:00:00,21,4,True
SYN-00306,Invoice request,"Hello support, my invoice amount is incorrect. Please help me resolve this soon.",Billing Inquiry,Critical,Open,Web,2024-11-13T05:00:00,110,2,True
SYN-02009,Support request,"Hello support, my support where can I find help. Please help me resolve this soon.",General Support,Low,Resolved,Email,2024-10-16T21:00:00,81,5,True
SYN-01205,Product request,"Hello support, my product want to compare options. Please help me resolve this today.",Product Inquiry,Low,Open,Chat,2024-04-13T13:00:00,101,5,True
SYN-01609,Courier help,"Hello support, my courier tracking is frozen. Please help me resolve this when possible.",Shipping Issue,High,Resolved,Web,2024-08-14T20:00:00,26,1,True
SYN-00428,Billing request,"Hello support, my billing was charged twice. Please help me resolve this when possible.",Billing Inquiry,High,Open,Web,2024-06-05T00:00:00,106,1,True
SYN-01721,Package request,"Hello support, my package tracking is frozen. Please help me resolve this today.",Shipping Issue,Critical,Pending,Web,2024-06-17T03:00:00,71,2,True
SYN-02017,Help problem,"Hello support, my help need some assistance. Please help me resolve this today.",General Support,Critical,Pending,Phone,2024-11-16T04:00:00,94,4,True
SYN-01478,Product problem,"Hello support, my product is this supported. Please help me resolve this soon.",Product Inquiry,Low,Closed,Email,2024-09-28T00:00:00,52,5,True
SYN-01656,Courier question,"Hello support, my courier tracking is frozen. Please help me resolve this soon.",Shipping Issue,Medium,Pending,Email,2024-08-09T13:00:00,102,2,True
SYN-01046,Cancel help,"Hello support, my cancel cancel this order. Please help me resolve this today.",Refund Request,Critical,Pending,Web,2024-03-10T14:00:00,75,3,True
SYN-01370,Plan request,"Hello support, my plan is this supported. Please help me resolve this today.",Product Inquiry,High,Open,Chat,2024-04-15T13:00:00,27,3,True
SYN-01375,Plan request,"Hello support, my plan need more information. Please help me resolve this when possible.",Product Inquiry,Critical,Closed,Email,2024-03-11T21:00:00,30,5,True
SYN-00116,Device request,"Hello support, my device shows an error. Please help me resolve this when possible.",Technical Issue,Low,Closed,Phone,2024-11-08T09:00:00,79,4,True
SYN-00905,Return question,"Hello support, my return want my money back. Please help me resolve this today.",Refund Request,Medium,Resolved,Chat,2024-02-10T11:00:00,10,3,True
SYN-00934,Money request,"Hello support, my money cancel this order. Please help me resolve this soon.",Refund Request,Medium,Open,Phone,2024-01-05T02:00:00,50,5,True
SYN-00679,Password help,"Hello support, my password code never arrived. Please help me resolve this today.",Account Access,Low,Closed,Web,2024-10-23T22:00:00,26,1,True
SYN-00524,Charged question,"Hello support, my charged payment was declined. Please help me resolve this soon.",Billing Inquiry,Medium,Open,Chat,2024-04-07T04:00:00,84,2,True
SYN-01877,Question question,"Hello support, my question please contact me. Please help me resolve this soon.",General Support,High,Resolved,Web,2024-06-12T20:00:00,60,2,True
SYN-00768,Password question,"Hello support, my password account is locked. Please help me resolve this soon.",Account Access,Low,Open,Email,2024-06-11T05:00:00,92,2,True
SYN-01782,Tracking help,"Hello support, my tracking has not arrived. Please help me resolve this when possible.",Shipping Issue,Critical,Open,Email,2024-01-31T17:00:00,13,5,True
SYN-00079,Crash problem,"Hello support, my crash keeps failing. Please help me resolve this when possible.",Technical Issue,Low,Pending,Chat,2024-05-16T18:00:00,63,5,True
SYN-01270,Product question,"Hello support, my product is this supported. Please help me resolve this soon.",Product Inquiry,Critical,Open,Phone,2024-10-10T19:00:00,78,3,True
SYN-01733,Package help,"Hello support, my package tracking is frozen. Please help me resolve this today.",Shipping Issue,Low,Pending,Web,2024-06-12T23:00:00,29,4,True
SYN-01136,Money question,"Hello support, my money want my money back. Please help me resolve this soon.",Refund Request,Low,Closed,Phone,2024-07-08T22:00:00,100,4,True
SYN-01140,Refund help,"Hello support, my refund cancel this order. Please help me resolve this soon.",Refund Request,Medium,Pending,Web,2024-04-22T09:00:00,89,1,True
SYN-01021,Cancel help,"Hello support, my cancel want my money back. Please help me resolve this when possible.",Refund Request,High,Open,Chat,2024-02-15T15:00:00,51,2,True
SYN-00871,Password problem,"Hello support, my password account is locked. Please help me resolve this when possible.",Account Access,High,Closed,Email,2024-03-06T11:00:00,109,4,True
SYN-00182,Crash question,"Hello support, my crash will not start. Please help me resolve this soon.",Technical Issue,Critical,Open,Chat,2024-08-19T18:00:00,58,5,True
SYN-01135,Money help,"Hello support, my money want my money back. Please help me resolve this when possible.",Refund Request,High,Resolved,Phone,2024-10-10T06:00:00,103,3,True
SYN-01638,Courier request,"Hello support, my courier package was damaged. Please help me resolve this soon.",Shipping Issue,Medium,Open,Web,2024-10-13T02:00:00,57,2,True
SYN-00839,Login request,"Hello support, my login cannot sign in. Please help me resolve this soon.",Account Access,Medium,Closed,Email,2024-01-22T05:00:00,55,3,True
SYN-00066,Screen problem,"Hello support, my screen keeps failing. Please help me resolve this soon.",Technical Issue,Critical,Resolved,Email,2024-09-28T18:00:00,73,5,True
SYN-01220,Upgrade help,"Hello support, my upgrade which plan includes it. Please help me resolve this when possible.",Product Inquiry,Medium,Pending,Email,2024-02-25T11:00:00,49,3,True
SYN-01237,Upgrade request,"Hello support, my upgrade is this supported. Please help me resolve this soon.",Product Inquiry,Medium,Resolved,Phone,2024-11-11T23:00:00,69,3,True
SYN-01122,Cancel request,"Hello support, my cancel return was approved. Please help me resolve this soon.",Refund Request,High,Closed,Chat,2024-03-16T00:00:00,11,1,True
SYN-00230,Device problem,"Hello support, my device stopped working. Please help me resolve this when possible.",Technical Issue,Critical,Resolved,Email,2024-06-04T22:00:00,73,4,True
SYN-01783,Tracking request,"Hello support, my tracking tracking is frozen. Please help me resolve this soon.",Shipping Issue,Medium,Pending,Web,2024-07-21T12:00:00,12,3,True
SYN-00873,Locked request,"Hello support, my locked cannot sign in. Please help me resolve this today.",Account Access,High,Closed,Web,2024-10-28T16:00:00,93,3,True
SYN-00548,Billing request,"Hello support, my billing amount is incorrect. Please help me resolve this when possible.",Billing Inquiry,Critical,Resolved,Chat,2024-02-26T22:00:00,102,5,True
SYN-01402,Plan help,"Hello support, my plan need more information. Please help me resolve this today.",Product Inquiry,Low,Pending,Phone,2024-07-31T21:00:00,107,4,True
SYN-01257,Product request,"Hello support, my product is this supported. Please help me resolve this soon.",Product Inquiry,Critical,Closed,Web,2024-10-26T15:00:00,39,5,True
SYN-01950,Help request,"Hello support, my help have a general question. Please help me resolve this soon.",General Support,Medium,Pending,Web,2024-10-10T04:00:00,15,1,True
SYN-00042,Device question,"Hello support, my device stopped working. Please help me resolve this today.",Technical Issue,Low,Resolved,Chat,2024-08-19T22:00:00,108,5,True
SYN-02029,Support request,"Hello support, my support where can I find help. Please help me resolve this today.",General Support,Critical,Resolved,Chat,2024-03-16T16:00:00,88,3,True
SYN-01518,Delivery request,"Hello support, my delivery went to wrong address. Please help me resolve this soon.",Shipping Issue,Low,Closed,Phone,2024-11-13T18:00:00,57,3,True
SYN-00552,Payment question,"Hello support, my payment was charged twice. Please help me resolve this today.",Billing Inquiry,High,Pending,Email,2024-03-14T07:00:00,110,1,True
SYN-01343,Plan question,"Hello support, my plan want to compare options. Please help me resolve this when possible.",Product Inquiry,Critical,Closed,Email,2024-07-19T16:00:00,54,3,True
SYN-00229,Update help,"Hello support, my update keeps failing. Please help me resolve this today.",Technical Issue,Critical,Open,Web,2024-08-20T04:00:00,27,2,True
SYN-00110,Screen question,"Hello support, my screen will not start. Please help me resolve this when possible.",Technical Issue,Medium,Open,Email,2024-08-05T07:00:00,25,3,True
SYN-00742,Password question,"Hello support, my password code never arrived. Please help me resolve this today.",Account Access,High,Open,Email,2024-07-25T08:00:00,87,5,True
SYN-00210,Update problem,"Hello support, my update stopped working. Please help me resolve this when possible.",Technical Issue,Medium,Pending,Phone,2024-10-24T22:00:00,109,4,True
SYN-02083,Question request,"Hello support, my question please contact me. Please help me resolve this when possible.",General Support,Medium,Closed,Phone,2024-07-25T09:00:00,99,1,True
SYN-00100,Device request,"Hello support, my device stopped working. Please help me resolve this soon.",Technical Issue,Medium,Open,Web,2024-01-06T05:00:00,93,3,True
SYN-00348,Payment request,"Hello support, my payment was charged twice. Please help me resolve this today.",Billing Inquiry,High,Open,Web,2024-01-09T21:00:00,41,5,True
SYN-01455,Product question,"Hello support, my product need more information. Please help me resolve this when possible.",Product Inquiry,Low,Resolved,Chat,2024-10-15T10:00:00,95,4,True
SYN-01793,Package question,"Hello support, my package has not arrived. Please help me resolve this today.",Shipping Issue,Critical,Closed,Web,2024-09-22T13:00:00,102,4,True
SYN-01004,Return problem,"Hello support, my return refund is missing. Please help me resolve this today.",Refund Request,High,Closed,Email,2024-11-20T21:00:00,14,5,True
SYN-02089,Help request,"Hello support, my help please contact me. Please help me resolve this today.",General Support,High,Pending,Email,2024-06-30T11:00:00,31,2,True
SYN-01550,Courier question,"Hello support, my courier package was damaged. Please help me resolve this when possible.",Shipping Issue,Low,Closed,Chat,2024-10-30T23:00:00,3,5,True
SYN-00639,Account question,"Hello support, my account reset link expired. Please help me resolve this when possible.",Account Access,High,Open,Web,2024-01-13T01:00:00,89,5,True
SYN-00266,Screen problem,"Hello support, my screen shows an error. Please help me resolve this soon.",Technical Issue,Critical,Resolved,Phone,2024-02-06T08:00:00,12,1,True
SYN-00680,Verification help,"Hello support, my verification reset link expired. Please help me resolve this today.",Account Access,Critical,Resolved,Chat,2024-03-14T18:00:00,119,4,True
SYN-00344,Invoice request,"Hello support, my invoice need a receipt. Please help me resolve this soon.",Billing Inquiry,Medium,Pending,Phone,2024-08-21T04:00:00,55,3,True
SYN-01538,Package question,"Hello support, my package package was damaged. Please help me resolve this soon.",Shipping Issue,High,Pending,Chat,2024-05-06T10:00:00,64,5,True
SYN-00387,Payment question,"Hello support, my payment payment was declined. Please help me resolve this soon.",Billing Inquiry,Critical,Resolved,Web,2024-08-31T06:00:00,91,3,True
SYN-01250,Feature help,"Hello support, my feature need more information. Please help me resolve this soon.",Product Inquiry,High,Open,Chat,2024-05-31T16:00:00,114,3,True
SYN-01022,Money help,"Hello support, my money cancel this order. Please help me resolve this when possible.",Refund Request,Critical,Pending,Phone,2024-02-10T13:00:00,54,4,True
SYN-00185,Screen request,"Hello support, my screen stopped working. Please help me resolve this today.",Technical Issue,Critical,Pending,Web,2024-03-09T07:00:00,16,1,True
SYN-01430,Upgrade request,"Hello support, my upgrade need more information. Please help me resolve this soon.",Product Inquiry,Medium,Pending,Chat,2024-11-25T19:00:00,111,1,True
SYN-01912,Support request,"Hello support, my support please contact me. Please help me resolve this today.",General Support,High,Closed,Email,2024-04-07T07:00:00,55,2,True
SYN-01016,Money help,"Hello support, my money want my money back. Please help me resolve this soon.",Refund Request,High,Resolved,Email,2024-05-01T10:00:00,1,1,True
SYN-02057,Help help,"Hello support, my help need some assistance. Please help me resolve this today.",General Support,Medium,Open,Phone,2024-05-11T01:00:00,51,3,True
SYN-01744,Courier question,"Hello support, my courier tracking is frozen. Please help me resolve this when possible.",Shipping Issue,Medium,Open,Web,2024-01-16T01:00:00,61,2,True
SYN-00638,Login help,"Hello support, my login code never arrived. Please help me resolve this when possible.",Account Access,High,Closed,Phone,2024-06-03T23:00:00,66,3,True
SYN-01499,Product request,"Hello support, my product need more information. Please help me resolve this when possible.",Product Inquiry,High,Resolved,Email,2024-07-30T03:00:00,93,2,True
SYN-01141,Return help,"Hello support, my return cancel this order. Please help me resolve this when possible.",Refund Request,Critical,Open,Chat,2024-10-21T04:00:00,19,5,True
SYN-01273,Upgrade problem,"Hello support, my upgrade need more information. Please help me resolve this soon.",Product Inquiry,Medium,Closed,Phone,2024-06-03T08:00:00,29,4,True
SYN-00662,Login request,"Hello support, my login code never arrived. Please help me resolve this today.",Account Access,Medium,Open,Chat,2024-09-07T23:00:00,25,4,True
SYN-00158,Screen question,"Hello support, my screen shows an error. Please help me resolve this soon.",Technical Issue,Medium,Pending,Chat,2024-03-02T12:00:00,28,2,True
SYN-01665,Delivery request,"Hello support, my delivery has not arrived. Please help me resolve this today.",Shipping Issue,Critical,Pending,Web,2024-04-13T09:00:00,2,2,True
SYN-00738,Login request,"Hello support, my login reset link expired. Please help me resolve this soon.",Account Access,Medium,Closed,Email,2024-01-23T02:00:00,47,2,True
SYN-00685,Account request,"Hello support, my account code never arrived. Please help me resolve this when possible.",Account Access,Low,Closed,Email,2024-07-16T18:00:00,29,1,True
SYN-00475,Charged problem,"Hello support, my charged need a receipt. Please help me resolve this when possible.",Billing Inquiry,High,Open,Chat,2024-07-23T13:00:00,73,4,True
SYN-00251,Device help,"Hello support, my device shows an error. Please help me resolve this when possible.",Technical Issue,Critical,Closed,Chat,2024-03-28T20:00:00,98,3,True
SYN-00447,Charged problem,"Hello support, my charged payment was declined. Please help me resolve this today.",Billing Inquiry,Low,Open,Chat,2024-06-24T09:00:00,11,2,True
SYN-00239,Device request,"Hello support, my device shows an error. Please help me resolve this when possible.",Technical Issue,Medium,Closed,Phone,2024-03-21T20:00:00,39,3,True
SYN-01531,Courier request,"Hello support, my courier tracking is frozen. Please help me resolve this when possible.",Shipping Issue,Critical,Pending,Web,2024-06-11T11:00:00,105,3,True
SYN-00596,Card request,"Hello support, my card amount is incorrect. Please help me resolve this today.",Billing Inquiry,High,Resolved,Web,2024-04-09T22:00:00,61,5,True
SYN-00718,Locked help,"Hello support, my locked account is locked. Please help me resolve this soon.",Account Access,Critical,Open,Phone,2024-07-17T08:00:00,62,5,True
SYN-00681,Password request,"Hello support, my password account is locked. Please help me resolve this soon.",Account Access,Medium,Open,Email,2024-11-28T23:00:00,35,3,True
SYN-00776,Password request,"Hello support, my password account is locked. Please help me resolve this today.",Account Access,Critical,Resolved,Chat,2024-09-29T21:00:00,37,4,True
SYN-00324,Billing question,"Hello support, my billing payment was declined. Please help me resolve this when possible.",Billing Inquiry,Low,Closed,Web,2024-06-27T19:00:00,9,5,True
SYN-02100,Help problem,"Hello support, my help need some assistance. Please help me resolve this soon.",General Support,High,Pending,Chat,2024-01-11T05:00:00,69,1,True
SYN-00606,Locked question,"Hello support, my locked cannot sign in. Please help me resolve this when possible.",Account Access,High,Open,Phone,2024-10-22T02:00:00,101,4,True
SYN-00156,Device question,"Hello support, my device will not start. Please help me resolve this when possible.",Technical Issue,Critical,Pending,Email,2024-11-08T21:00:00,45,3,True
SYN-01102,Purchase help,"Hello support, my purchase want my money back. Please help me resolve this soon.",Refund Request,Critical,Resolved,Phone,2024-08-26T16:00:00,64,5,True
SYN-00224,Screen problem,"Hello support, my screen shows an error. Please help me resolve this soon.",Technical Issue,High,Pending,Email,2024-04-13T01:00:00,75,1,True
SYN-00841,Verification request,"Hello support, my verification reset link expired. Please help me resolve this soon.",Account Access,Critical,Pending,Email,2024-02-19T06:00:00,65,2,True
SYN-00661,Locked request,"Hello support, my locked cannot sign in. Please help me resolve this soon.",Account Access,Critical,Open,Phone,2024-11-26T05:00:00,50,4,True
SYN-02086,Support problem,"Hello support, my support please contact me. Please help me resolve this when possible.",General Support,Low,Closed,Email,2024-08-17T21:00:00,20,5,True
SYN-00240,Crash help,"Hello support, my crash will not start. Please help me resolve this when possible.",Technical Issue,Critical,Open,Phone,2024-08-01T16:00:00,87,4,True
SYN-01795,Courier help,"Hello support, my courier tracking is frozen. Please help me resolve this when possible.",Shipping Issue,Low,Open,Web,2024-05-03T07:00:00,50,2,True
SYN-01123,Cancel help,"Hello support, my cancel cancel this order. Please help me resolve this soon.",Refund Request,Critical,Pending,Phone,2024-06-08T10:00:00,96,2,True
SYN-01801,Support problem,"Hello support, my support where can I find help. Please help me resolve this when possible.",General Support,Low,Resolved,Email,2024-08-23T21:00:00,89,3,True
SYN-00756,Locked question,"Hello support, my locked code never arrived. Please help me resolve this today.",Account Access,High,Resolved,Web,2024-05-25T18:00:00,27,5,True
SYN-01608,Package request,"Hello support, my package went to wrong address. Please help me resolve this today.",Shipping Issue,Low,Open,Chat,2024-06-11T00:00:00,52,1,True
SYN-00275,Crash request,"Hello support, my crash will not start. Please help me resolve this when possible.",Technical Issue,Low,Closed,Chat,2024-07-21T03:00:00,70,4,True
SYN-01989,Guidance question,"Hello support, my guidance where can I find help. Please help me resolve this when possible.",General Support,Critical,Closed,Chat,2024-11-23T19:00:00,65,5,True
SYN-00172,Screen problem,"Hello support, my screen keeps failing. Please help me resolve this soon.",Technical Issue,Medium,Open,Phone,2024-05-01T21:00:00,101,2,True
SYN-01065,Money help,"Hello support, my money return was approved. Please help me resolve this today.",Refund Request,Medium,Pending,Email,2024-10-12T02:00:00,110,2,True
SYN-01880,Question request,"Hello support, my question need some assistance. Please help me resolve this today.",General Support,Critical,Pending,Chat,2024-06-05T01:00:00,88,1,True
SYN-00165,Crash question,"Hello support, my crash stopped working. Please help me resolve this today.",Technical Issue,Critical,Open,Phone,2024-01-19T04:00:00,51,2,True
SYN-02093,Guidance help,"Hello support, my guidance where can I find help. Please help me resolve this soon.",General Support,Critical,Open,Web,2024-10-19T14:00:00,35,2,True
SYN-01580,Tracking help,"Hello support, my tracking has not arrived. Please help me resolve this today.",Shipping Issue,Low,Closed,Web,2024-05-15T16:00:00,87,4,True
SYN-00315,Payment request,"Hello support, my payment was charged twice. Please help me resolve this when possible.",Billing Inquiry,Critical,Resolved,Email,2024-06-25T17:00:00,78,2,True
SYN-00735,Account question,"Hello support, my account code never arrived. Please help me resolve this soon.",Account Access,High,Closed,Chat,2024-02-09T11:00:00,50,5,True
SYN-01054,Purchase help,"Hello support, my purchase cancel this order. Please help me resolve this today.",Refund Request,Low,Pending,Email,2024-02-05T00:00:00,66,2,True
SYN-01213,Upgrade help,"Hello support, my upgrade need more information. Please help me resolve this when possible.",Product Inquiry,Critical,Resolved,Email,2024-01-19T10:00:00,45,2,True
SYN-00654,Verification question,"Hello support, my verification code never arrived. Please help me resolve this soon.",Account Access,Medium,Closed,Email,2024-04-23T13:00:00,8,4,True
SYN-01661,Courier request,"Hello support, my courier went to wrong address. Please help me resolve this when possible.",Shipping Issue,High,Open,Web,2024-01-21T10:00:00,4,4,True
SYN-01913,Support problem,"Hello support, my support where can I find help. Please help me resolve this today.",General Support,Low,Open,Email,2024-05-28T04:00:00,1,1,True
SYN-00927,Return problem,"Hello support, my return return was approved. Please help me resolve this today.",Refund Request,High,Open,Web,2024-10-13T04:00:00,3,2,True
SYN-01938,Contact request,"Hello support, my contact need some assistance. Please help me resolve this today.",General Support,Critical,Open,Phone,2024-10-09T21:00:00,108,5,True
SYN-01730,Shipment problem,"Hello support, my shipment tracking is frozen. Please help me resolve this when possible.",Shipping Issue,Critical,Resolved,Chat,2024-01-21T23:00:00,101,4,True
SYN-01936,Question help,"Hello support, my question have a general question. Please help me resolve this soon.",General Support,Medium,Closed,Phone,2024-09-15T16:00:00,16,4,True
SYN-00849,Login problem,"Hello support, my login account is locked. Please help me resolve this when possible.",Account Access,Low,Pending,Email,2024-07-10T12:00:00,83,5,True
SYN-01876,Contact request,"Hello support, my contact please contact me. Please help me resolve this soon.",General Support,Critical,Open,Web,2024-01-09T06:00:00,69,2,True
SYN-00328,Billing problem,"Hello support, my billing payment was declined. Please help me resolve this when possible.",Billing Inquiry,High,Open,Email,2024-04-02T14:00:00,106,2,True
SYN-00429,Card help,"Hello support, my card amount is incorrect. Please help me resolve this soon.",Billing Inquiry,Medium,Closed,Email,2024-09-20T13:00:00,115,5,True
SYN-01232,Product request,"Hello support, my product need more information. Please help me resolve this soon.",Product Inquiry,Low,Open,Chat,2024-08-12T06:00:00,93,5,True
SYN-01924,Support problem,"Hello support, my support need some assistance. Please help me resolve this today.",General Support,Critical,Closed,Web,2024-09-14T17:00:00,9,1,True
SYN-01104,Purchase help,"Hello support, my purchase return was approved. Please help me resolve this soon.",Refund Request,Critical,Resolved,Email,2024-07-04T06:00:00,56,1,True
SYN-01469,Compatible question,"Hello support, my compatible which plan includes it. Please help me resolve this soon.",Product Inquiry,Medium,Closed,Phone,2024-03-03T11:00:00,13,4,True
SYN-01811,Help question,"Hello support, my help where can I find help. Please help me resolve this soon.",General Support,Low,Pending,Email,2024-07-14T13:00:00,49,5,True
SYN-01568,Tracking problem,"Hello support, my tracking package was damaged. Please help me resolve this when possible.",Shipping Issue,High,Resolved,Phone,2024-03-13T15:00:00,20,5,True
SYN-00389,Card problem,"Hello support, my card payment was declined. Please help me resolve this soon.",Billing Inquiry,Low,Resolved,Phone,2024-04-11T21:00:00,88,3,True
SYN-00642,Password question,"Hello support, my password reset link expired. Please help me resolve this today.",Account Access,High,Pending,Web,2024-08-12T23:00:00,58,2,True
SYN-01772,Courier request,"Hello support, my courier tracking is frozen. Please help me resolve this when possible.",Shipping Issue,Low,Closed,Phone,2024-05-09T01:00:00,92,2,True
SYN-00716,Login question,"Hello support, my login cannot sign in. Please help me resolve this when possible.",Account Access,Critical,Open,Phone,2024-02-22T13:00:00,34,4,True
SYN-01040,Return problem,"Hello support, my return return was approved. Please help me resolve this when possible.",Refund Request,Critical,Resolved,Phone,2024-07-21T02:00:00,90,2,True
SYN-00774,Verification question,"Hello support, my verification reset link expired. Please help me resolve this when possible.",Account Access,Low,Open,Chat,2024-08-02T11:00:00,40,2,True
SYN-00767,Locked question,"Hello support, my locked account is locked. Please help me resolve this when possible.",Account Access,Critical,Closed,Chat,2024-08-26T19:00:00,15,3,True
SYN-01234,Plan question,"Hello support, my plan is this supported. Please help me resolve this today.",Product Inquiry,High,Pending,Phone,2024-10-12T08:00:00,74,2,True
SYN-00341,Charged request,"Hello support, my charged amount is incorrect. Please help me resolve this today.",Billing Inquiry,Medium,Closed,Phone,2024-01-05T01:00:00,8,1,True
SYN-00043,Screen help,"Hello support, my screen keeps failing. Please help me resolve this soon.",Technical Issue,High,Closed,Email,2024-02-07T00:00:00,77,4,True
SYN-01529,Delivery request,"Hello support, my delivery has not arrived. Please help me resolve this today.",Shipping Issue,Low,Pending,Email,2024-01-20T04:00:00,91,1,True
SYN-01209,Product request,"Hello support, my product need more information. Please help me resolve this today.",Product Inquiry,Low,Open,Chat,2024-09-30T16:00:00,2,4,True
SYN-00025,Update problem,"Hello support, my update will not start. Please help me resolve this today.",Technical Issue,Critical,Open,Web,2024-10-22T03:00:00,52,3,True
SYN-01940,Contact help,"Hello support, my contact have a general question. Please help me resolve this when possible.",General Support,Critical,Open,Phone,2024-06-07T03:00:00,93,1,True
SYN-01764,Delivery question,"Hello support, my delivery tracking is frozen. Please help me resolve this when possible.",Shipping Issue,Low,Resolved,Web,2024-02-29T23:00:00,106,4,True
SYN-01023,Purchase problem,"Hello support, my purchase refund is missing. Please help me resolve this today.",Refund Request,Medium,Pending,Phone,2024-02-14T20:00:00,15,5,True
SYN-01405,Upgrade question,"Hello support, my upgrade need more information. Please help me resolve this today.",Product Inquiry,High,Resolved,Chat,2024-09-23T01:00:00,17,2,True
SYN-01029,Return problem,"Hello support, my return cancel this order. Please help me resolve this when possible.",Refund Request,Critical,Open,Phone,2024-05-25T10:00:00,62,1,True
SYN-01781,Package question,"Hello support, my package tracking is frozen. Please help me resolve this when possible.",Shipping Issue,High,Open,Web,2024-10-09T19:00:00,68,2,True
SYN-01757,Courier question,"Hello support, my courier has not arrived. Please help me resolve this when possible.",Shipping Issue,Medium,Pending,Email,2024-03-29T15:00:00,34,4,True
SYN-01862,Guidance help,"Hello support, my guidance need some assistance. Please help me resolve this when possible.",General Support,Low,Pending,Web,2024-08-25T14:00:00,76,1,True
SYN-01285,Feature problem,"Hello support, my feature want to compare options. Please help me resolve this soon.",Product Inquiry,Medium,Resolved,Email,2024-07-21T21:00:00,21,2,True
SYN-00603,Password help,"Hello support, my password code never arrived. Please help me resolve this when possible.",Account Access,High,Closed,Web,2024-02-23T00:00:00,81,1,True
SYN-01490,Compatible problem,"Hello support, my compatible is this supported. Please help me resolve this today.",Product Inquiry,Medium,Closed,Email,2024-01-25T01:00:00,82,2,True
SYN-00415,Invoice question,"Hello support, my invoice need a receipt. Please help me resolve this soon.",Billing Inquiry,Critical,Closed,Chat,2024-05-16T14:00:00,59,1,True
SYN-00401,Card problem,"Hello support, my card was charged twice. Please help me resolve this soon.",Billing Inquiry,Medium,Open,Email,2024-09-06T09:00:00,48,2,True
SYN-00004,Error help,"Hello support, my error shows an error. Please help me resolve this today.",Technical Issue,High,Resolved,Phone,2024-02-04T21:00:00,12,1,True
SYN-01323,Upgrade request,"Hello support, my upgrade need more information. Please help me resolve this today.",Product Inquiry,High,Resolved,Phone,2024-03-16T16:00:00,114,5,True
SYN-00394,Card question,"Hello support, my card was charged twice. Please help me resolve this when possible.",Billing Inquiry,Low,Pending,Phone,2024-11-19T05:00:00,88,2,True
SYN-00784,Account problem,"Hello support, my account cannot sign in. Please help me resolve this today.",Account Access,High,Pending,Web,2024-02-02T12:00:00,72,3,True
SYN-01716,Courier question,"Hello support, my courier has not arrived. Please help me resolve this when possible.",Shipping Issue,High,Open,Web,2024-10-04T00:00:00,92,1,True
SYN-00657,Login problem,"Hello support, my login code never arrived. Please help me resolve this today.",Account Access,Critical,Resolved,Chat,2024-02-20T19:00:00,84,3,True
SYN-02065,Guidance question,"Hello support, my guidance need some assistance. Please help me resolve this when possible.",General Support,Critical,Closed,Chat,2024-09-06T06:00:00,76,1,True
SYN-01993,Guidance help,"Hello support, my guidance need some assistance. Please help me resolve this today.",General Support,Critical,Pending,Chat,2024-02-21T12:00:00,15,2,True
SYN-01714,Courier problem,"Hello support, my courier has not arrived. Please help me resolve this soon.",Shipping Issue,High,Resolved,Email,2024-05-03T17:00:00,15,2,True
SYN-00232,Crash problem,"Hello support, my crash keeps failing. Please help me resolve this soon.",Technical Issue,Critical,Pending,Chat,2024-11-14T17:00:00,61,4,True
SYN-00296,Screen help,"Hello support, my screen keeps failing. Please help me resolve this when possible.",Technical Issue,Medium,Closed,Email,2024-09-16T09:00:00,93,2,True
SYN-01681,Shipment problem,"Hello support, my shipment went to wrong address. Please help me resolve this soon.",Shipping Issue,Medium,Resolved,Email,2024-02-23T17:00:00,83,4,True
SYN-00593,Charged problem,"Hello support, my charged amount is incorrect. Please help me resolve this today.",Billing Inquiry,Low,Resolved,Phone,2024-08-10T23:00:00,45,1,True
SYN-01348,Product problem,"Hello support, my product is this supported. Please help me resolve this today.",Product Inquiry,Critical,Pending,Chat,2024-05-09T04:00:00,78,1,True
SYN-00044,Device help,"Hello support, my device will not start. Please help me resolve this today.",Technical Issue,Medium,Resolved,Web,2024-03-27T22:00:00,6,1,True
SYN-01196,Refund problem,"Hello support, my refund cancel this order. Please help me resolve this soon.",Refund Request,Medium,Closed,Chat,2024-09-21T07:00:00,53,2,True
SYN-01603,Package request,"Hello support, my package package was damaged. Please help me resolve this today.",Shipping Issue,Medium,Closed,Web,2024-02-07T10:00:00,88,2,True
SYN-01920,Guidance help,"Hello support, my guidance please contact me. Please help me resolve this when possible.",General Support,High,Closed,Email,2024-06-01T12:00:00,55,2,True
SYN-01541,Tracking help,"Hello support, my tracking package was damaged. Please help me resolve this when possible.",Shipping Issue,Medium,Pending,Chat,2024-05-04T19:00:00,2,2,True
SYN-00512,Card problem,"Hello support, my card need a receipt. Please help me resolve this today.",Billing Inquiry,Medium,Resolved,Chat,2024-10-16T18:00:00,117,3,True
SYN-01586,Package help,"Hello support, my package went to wrong address. Please help me resolve this when possible.",Shipping Issue,Critical,Resolved,Web,2024-02-20T09:00:00,105,1,True
SYN-01341,Feature help,"Hello support, my feature want to compare options. Please help me resolve this when possible.",Product Inquiry,Medium,Resolved,Phone,2024-03-11T16:00:00,3,4,True
SYN-01009,Cancel problem,"Hello support, my cancel refund is missing. Please help me resolve this when possible.",Refund Request,Low,Open,Chat,2024-09-20T00:00:00,41,1,True
SYN-00292,Device problem,"Hello support, my device keeps failing. Please help me resolve this soon.",Technical Issue,Medium,Pending,Web,2024-10-22T10:00:00,46,5,True
SYN-00360,Invoice help,"Hello support, my invoice amount is incorrect. Please help me resolve this today.",Billing Inquiry,Critical,Closed,Web,2024-05-11T17:00:00,57,3,True
SYN-00354,Charged question,"Hello support, my charged was charged twice. Please help me resolve this today.",Billing Inquiry,High,Closed,Email,2024-09-21T07:00:00,15,3,True
SYN-01454,Upgrade request,"Hello support, my upgrade want to compare options. Please help me resolve this when possible.",Product Inquiry,High,Resolved,Web,2024-10-17T21:00:00,34,2,True
SYN-01012,Purchase problem,"Hello support, my purchase cancel this order. Please help me resolve this when possible.",Refund Request,Critical,Pending,Chat,2024-03-24T08:00:00,95,2,True
SYN-00225,Update question,"Hello support, my update shows an error. Please help me resolve this when possible.",Technical Issue,Low,Resolved,Phone,2024-02-24T12:00:00,52,5,True
SYN-00652,Locked request,"Hello support, my locked reset link expired. Please help me resolve this soon.",Account Access,High,Closed,Email,2024-11-01T20:00:00,15,4,True
SYN-02042,Contact help,"Hello support, my contact please contact me. Please help me resolve this today.",General Support,Critical,Pending,Chat,2024-01-15T23:00:00,107,4,True
SYN-00727,Password problem,"Hello support, my password cannot sign in. Please help me resolve this today.",Account Access,Low,Closed,Web,2024-05-25T00:00:00,89,1,True
SYN-00516,Invoice request,"Hello support, my invoice amount is incorrect. Please help me resolve this today.",Billing Inquiry,Critical,Resolved,Chat,2024-03-30T14:00:00,80,2,True
SYN-02022,Guidance question,"Hello support, my guidance need some assistance. Please help me resolve this today.",General Support,Medium,Closed,Email,2024-02-01T05:00:00,15,1,True
SYN-01630,Courier problem,"Hello support, my courier went to wrong address. Please help me resolve this when possible.",Shipping Issue,Critical,Pending,Email,2024-02-13T11:00:00,101,5,True
SYN-00310,Payment request,"Hello support, my payment amount is incorrect. Please help me resolve this soon.",Billing Inquiry,Low,Pending,Web,2024-10-20T15:00:00,55,1,True
SYN-01934,Guidance help,"Hello support, my guidance need some assistance. Please help me resolve this today.",General Support,Low,Open,Web,2024-03-21T06:00:00,48,1,True
SYN-00074,Device help,"Hello support, my device shows an error. Please help me resolve this soon.",Technical Issue,High,Resolved,Chat,2024-04-30T02:00:00,90,1,True
SYN-00597,Charged problem,"Hello support, my charged was charged twice. Please help me resolve this when possible.",Billing Inquiry,Low,Closed,Phone,2024-07-27T21:00:00,8,4,True
SYN-02024,Guidance problem,"Hello support, my guidance have a general question. Please help me resolve this soon.",General Support,Low,Closed,Phone,2024-03-09T03:00:00,6,1,True
SYN-01536,Shipment problem,"Hello support, my shipment went to wrong address. Please help me resolve this when possible.",Shipping Issue,Critical,Open,Web,2024-11-04T02:00:00,94,1,True
SYN-01198,Money request,"Hello support, my money want my money back. Please help me resolve this when possible.",Refund Request,High,Open,Email,2024-07-13T06:00:00,11,4,True
SYN-01659,Package help,"Hello support, my package package was damaged. Please help me resolve this today.",Shipping Issue,High,Resolved,Web,2024-11-06T09:00:00,50,1,True
SYN-01176,Money help,"Hello support, my money want my money back. Please help me resolve this today.",Refund Request,Low,Open,Phone,2024-06-06T23:00:00,104,1,True
SYN-01309,Upgrade question,"Hello support, my upgrade is this supported. Please help me resolve this when possible.",Product Inquiry,High,Pending,Phone,2024-08-27T16:00:00,56,5,True
SYN-00710,Account question,"Hello support, my account cannot sign in. Please help me resolve this soon.",Account Access,Medium,Closed,Phone,2024-11-06T01:00:00,86,4,True
SYN-00483,Charged problem,"Hello support, my charged payment was declined. Please help me resolve this today.",Billing Inquiry,Critical,Resolved,Phone,2024-05-19T13:00:00,47,5,True
SYN-00086,Screen problem,"Hello support, my screen stopped working. Please help me resolve this soon.",Technical Issue,High,Resolved,Email,2024-05-29T10:00:00,11,1,True
SYN-01052,Cancel help,"Hello support, my cancel want my money back. Please help me resolve this when possible.",Refund Request,Critical,Pending,Phone,2024-03-10T01:00:00,18,3,True
SYN-00938,Purchase problem,"Hello support, my purchase want my money back. Please help me resolve this soon.",Refund Request,Medium,Closed,Chat,2024-03-20T09:00:00,3,5,True
SYN-01088,Refund request,"Hello support, my refund want my money back. Please help me resolve this when possible.",Refund Request,Low,Pending,Email,2024-09-09T22:00:00,102,3,True
SYN-00245,Device request,"Hello support, my device keeps failing. Please help me resolve this when possible.",Technical Issue,Medium,Closed,Chat,2024-10-25T04:00:00,10,3,True
SYN-01277,Plan help,"Hello support, my plan is this supported. Please help me resolve this when possible.",Product Inquiry,Critical,Resolved,Chat,2024-09-14T17:00:00,72,3,True
SYN-00177,Error question,"Hello support, my error stopped working. Please help me resolve this when possible.",Technical Issue,High,Open,Web,2024-08-24T05:00:00,64,1,True
SYN-01339,Upgrade problem,"Hello support, my upgrade is this supported. Please help me resolve this soon.",Product Inquiry,Critical,Pending,Web,2024-08-24T23:00:00,103,3,True
SYN-00267,Error help,"Hello support, my error keeps failing. Please help me resolve this when possible.",Technical Issue,Critical,Open,Email,2024-03-04T23:00:00,56,1,True
SYN-01942,Contact request,"Hello support, my contact need some assistance. Please help me resolve this today.",General Support,Critical,Resolved,Chat,2024-06-17T17:00:00,116,3,True
SYN-01530,Delivery request,"Hello support, my delivery package was damaged. Please help me resolve this today.",Shipping Issue,Low,Open,Web,2024-09-27T04:00:00,88,3,True
SYN-00157,Device question,"Hello support, my device stopped working. Please help me resolve this today.",Technical Issue,Low,Closed,Phone,2024-08-07T15:00:00,102,1,True
SYN-00925,Money problem,"Hello support, my money return was approved. Please help me resolve this soon.",Refund Request,Low,Pending,Phone,2024-05-15T09:00:00,5,4,True
SYN-00385,Invoice problem,"Hello support, my invoice payment was declined. Please help me resolve this today.",Billing Inquiry,Medium,Pending,Chat,2024-01-10T08:00:00,50,2,True
SYN-01227,Compatible question,"Hello support, my compatible need more information. Please help me resolve this soon.",Product Inquiry,Low,Resolved,Email,2024-11-20T20:00:00,92,5,True
SYN-01787,Shipment help,"Hello support, my shipment went to wrong address. Please help me resolve this soon.",Shipping Issue,High,Open,Web,2024-06-10T04:00:00,82,1,True
SYN-00507,Billing question,"Hello support, my billing need a receipt. Please help me resolve this soon.",Billing Inquiry,High,Resolved,Email,2024-02-15T21:00:00,115,4,True
SYN-00302,Billing problem,"Hello support, my billing amount is incorrect. Please help me resolve this soon.",Billing Inquiry,High,Resolved,Web,2024-08-04T06:00:00,102,4,True
SYN-01928,Help help,"Hello support, my help have a general question. Please help me resolve this when possible.",General Support,Low,Closed,Web,2024-06-07T02:00:00,76,5,True
SYN-00522,Invoice request,"Hello support, my invoice need a receipt. Please help me resolve this today.",Billing Inquiry,High,Pending,Web,2024-09-29T08:00:00,38,5,True
SYN-00578,Invoice help,"Hello support, my invoice need a receipt. Please help me resolve this when possible.",Billing Inquiry,High,Pending,Web,2024-02-15T18:00:00,65,4,True
SYN-01870,Support help,"Hello support, my support please contact me. Please help me resolve this soon.",General Support,Critical,Pending,Web,2024-04-07T01:00:00,109,2,True
SYN-00808,Verification help,"Hello support, my verification cannot sign in. Please help me resolve this soon.",Account Access,Critical,Closed,Phone,2024-01-05T12:00:00,22,5,True
SYN-01555,Courier help,"Hello support, my courier went to wrong address. Please help me resolve this soon.",Shipping Issue,Low,Resolved,Phone,2024-03-25T17:00:00,102,2,True
SYN-00703,Login request,"Hello support, my login cannot sign in. Please help me resolve this soon.",Account Access,High,Resolved,Chat,2024-04-18T01:00:00,74,2,True
SYN-00083,Update question,"Hello support, my update shows an error. Please help me resolve this when possible.",Technical Issue,High,Closed,Email,2024-01-12T03:00:00,30,2,True
SYN-00649,Account problem,"Hello support, my account cannot sign in. Please help me resolve this today.",Account Access,Critical,Open,Email,2024-08-17T15:00:00,2,4,True
SYN-00319,Billing problem,"Hello support, my billing need a receipt. Please help me resolve this when possible.",Billing Inquiry,Medium,Resolved,Email,2024-08-27T13:00:00,52,3,True
SYN-00369,Payment question,"Hello support, my payment was charged twice. Please help me resolve this soon.",Billing Inquiry,Critical,Resolved,Chat,2024-06-01T03:00:00,6,3,True
SYN-01290,Feature help,"Hello support, my feature need more information. Please help me resolve this soon.",Product Inquiry,Critical,Resolved,Phone,2024-02-16T18:00:00,66,5,True
SYN-01909,Question problem,"Hello support, my question have a general question. Please help me resolve this soon.",General Support,High,Resolved,Chat,2024-10-20T13:00:00,37,1,True
SYN-00696,Login request,"Hello support, my login cannot sign in. Please help me resolve this soon.",Account Access,Low,Open,Chat,2024-05-13T08:00:00,115,3,True
SYN-01498,Compatible request,"Hello support, my compatible which plan includes it. Please help me resolve this when possible.",Product Inquiry,High,Open,Email,2024-07-09T01:00:00,21,1,True
SYN-00961,Money request,"Hello support, my money want my money back. Please help me resolve this today.",Refund Request,High,Open,Web,2024-10-23T09:00:00,82,1,True
SYN-01835,Question request,"Hello support, my question where can I find help. Please help me resolve this today.",General Support,High,Open,Web,2024-06-25T21:00:00,100,5,True
SYN-00903,Money help,"Hello support, my money refund is missing. Please help me resolve this soon.",Refund Request,High,Closed,Email,2024-05-05T10:00:00,103,2,True
SYN-01100,Purchase request,"Hello support, my purchase want my money back. Please help me resolve this soon.",Refund Request,Medium,Closed,Chat,2024-01-13T10:00:00,28,3,True
SYN-00466,Card help,"Hello support, my card was charged twice. Please help me resolve this soon.",Billing Inquiry,Low,Pending,Web,2024-09-08T04:00:00,94,2,True
SYN-01110,Money request,"Hello support, my money return was approved. Please help me resolve this when possible.",Refund Request,Critical,Open,Web,2024-07-08T16:00:00,51,2,True
SYN-00737,Verification problem,"Hello support, my verification cannot sign in. Please help me resolve this today.",Account Access,Medium,Closed,Web,2024-05-15T07:00:00,57,5,True
SYN-00792,Account question,"Hello support, my account cannot sign in. Please help me resolve this today.",Account Access,Medium,Resolved,Chat,2024-03-10T12:00:00,112,5,True
SYN-01296,Upgrade question,"Hello support, my upgrade which plan includes it. Please help me resolve this soon.",Product Inquiry,Low,Resolved,Email,2024-04-22T02:00:00,13,3,True
SYN-02018,Support request,"Hello support, my support need some assistance. Please help me resolve this today.",General Support,High,Closed,Chat,2024-06-05T19:00:00,22,5,True
SYN-01821,Guidance help,"Hello support, my guidance need some assistance. Please help me resolve this when possible.",General Support,Critical,Closed,Email,2024-09-11T14:00:00,112,2,True
SYN-00217,Screen request,"Hello support, my screen stopped working. Please help me resolve this today.",Technical Issue,Medium,Closed,Web,2024-02-04T07:00:00,88,4,True
SYN-01189,Cancel help,"Hello support, my cancel refund is missing. Please help me resolve this soon.",Refund Request,Critical,Pending,Phone,2024-01-24T06:00:00,118,2,True
SYN-00534,Invoice request,"Hello support, my invoice need a receipt. Please help me resolve this soon.",Billing Inquiry,Low,Pending,Chat,2024-08-22T23:00:00,77,4,True
SYN-01516,Courier help,"Hello support, my courier package was damaged. Please help me resolve this when possible.",Shipping Issue,High,Pending,Email,2024-02-24T00:00:00,72,2,True
SYN-01015,Cancel help,"Hello support, my cancel cancel this order. Please help me resolve this today.",Refund Request,High,Open,Web,2024-03-13T17:00:00,1,5,True
SYN-01746,Package request,"Hello support, my package package was damaged. Please help me resolve this today.",Shipping Issue,Low,Open,Phone,2024-07-08T21:00:00,90,2,True
SYN-00209,Device help,"Hello support, my device keeps failing. Please help me resolve this soon.",Technical Issue,Critical,Pending,Web,2024-03-06T02:00:00,3,2,True
SYN-01500,Feature problem,"Hello support, my feature is this supported. Please help me resolve this when possible.",Product Inquiry,Low,Closed,Email,2024-01-03T00:00:00,49,2,True
SYN-01120,Purchase question,"Hello support, my purchase want my money back. Please help me resolve this soon.",Refund Request,Low,Pending,Phone,2024-02-10T00:00:00,44,1,True
SYN-00531,Card question,"Hello support, my card was charged twice. Please help me resolve this soon.",Billing Inquiry,Medium,Open,Email,2024-06-10T09:00:00,50,3,True
SYN-01480,Product help,"Hello support, my product is this supported. Please help me resolve this soon.",Product Inquiry,Critical,Closed,Email,2024-04-09T23:00:00,81,4,True
SYN-00900,Password help,"Hello support, my password code never arrived. Please help me resolve this today.",Account Access,High,Closed,Web,2024-10-21T15:00:00,31,5,True
SYN-01282,Plan question,"Hello support, my plan is this supported. Please help me resolve this when possible.",Product Inquiry,High,Closed,Web,2024-10-01T00:00:00,79,2,True
SYN-01976,Contact question,"Hello support, my contact please contact me. Please help me resolve this when possible.",General Support,Critical,Open,Web,2024-03-18T19:00:00,56,5,True
SYN-00107,Device question,"Hello support, my device shows an error. Please help me resolve this soon.",Technical Issue,High,Pending,Web,2024-08-06T02:00:00,55,4,True
SYN-01320,Upgrade request,"Hello support, my upgrade which plan includes it. Please help me resolve this soon.",Product Inquiry,Low,Closed,Web,2024-01-02T16:00:00,62,2,True
SYN-00272,Error question,"Hello support, my error shows an error. Please help me resolve this when possible.",Technical Issue,Critical,Resolved,Web,2024-01-03T07:00:00,51,3,True
SYN-01689,Tracking help,"Hello support, my tracking went to wrong address. Please help me resolve this soon.",Shipping Issue,Medium,Open,Chat,2024-05-21T22:00:00,12,2,True
SYN-00334,Card question,"Hello support, my card need a receipt. Please help me resolve this soon.",Billing Inquiry,Low,Open,Chat,2024-08-27T05:00:00,115,4,True
SYN-00931,Refund problem,"Hello support, my refund want my money back. Please help me resolve this soon.",Refund Request,Medium,Open,Chat,2024-05-23T22:00:00,4,1,True
SYN-02050,Guidance request,"Hello support, my guidance please contact me. Please help me resolve this when possible.",General Support,Medium,Pending,Phone,2024-08-25T00:00:00,88,3,True
SYN-01256,Product problem,"Hello support, my product is this supported. Please help me resolve this soon.",Product Inquiry,High,Closed,Chat,2024-08-30T08:00:00,23,3,True
SYN-01191,Refund help,"Hello support, my refund want my money back. Please help me resolve this soon.",Refund Request,Medium,Pending,Email,2024-06-19T11:00:00,120,2,True
SYN-00140,Crash help,"Hello support, my crash shows an error. Please help me resolve this when possible.",Technical Issue,High,Open,Chat,2024-08-19T11:00:00,87,4,True
SYN-00939,Refund help,"Hello support, my refund want my money back. Please help me resolve this soon.",Refund Request,Medium,Pending,Web,2024-02-16T22:00:00,48,2,True
SYN-00607,Login question,"Hello support, my login code never arrived. Please help me resolve this soon.",Account Access,High,Pending,Phone,2024-10-26T08:00:00,31,2,True
SYN-01628,Shipment help,"Hello support, my shipment package was damaged. Please help me resolve this soon.",Shipping Issue,Critical,Resolved,Email,2024-07-22T04:00:00,14,2,True
SYN-00261,Crash help,"Hello support, my crash will not start. Please help me resolve this today.",Technical Issue,High,Pending,Chat,2024-07-19T08:00:00,19,5,True
SYN-00096,Update question,"Hello support, my update shows an error. Please help me resolve this today.",Technical Issue,High,Resolved,Web,2024-11-14T21:00:00,101,2,True
SYN-00270,Screen problem,"Hello support, my screen shows an error. Please help me resolve this today.",Technical Issue,Critical,Resolved,Web,2024-06-17T07:00:00,19,3,True
SYN-00555,Billing question,"Hello support, my billing amount is incorrect. Please help me resolve this today.",Billing Inquiry,Critical,Open,Email,2024-07-22T04:00:00,83,3,True
SYN-02088,Question request,"Hello support, my question please contact me. Please help me resolve this when possible.",General Support,High,Closed,Chat,2024-10-01T18:00:00,31,3,True
SYN-00060,Device problem,"Hello support, my device keeps failing. Please help me resolve this today.",Technical Issue,Critical,Pending,Web,2024-11-05T13:00:00,51,2,True
SYN-00482,Card problem,"Hello support, my card need a receipt. Please help me resolve this when possible.",Billing Inquiry,Low,Open,Email,2024-03-28T23:00:00,25,4,True
SYN-00350,Card request,"Hello support, my card need a receipt. Please help me resolve this today.",Billing Inquiry,Medium,Resolved,Phone,2024-05-01T02:00:00,120,5,True
SYN-00999,Money question,"Hello support, my money want my money back. Please help me resolve this soon.",Refund Request,Medium,Closed,Web,2024-07-06T16:00:00,33,1,True
SYN-01456,Feature question,"Hello support, my feature is this supported. Please help me resolve this today.",Product Inquiry,Critical,Pending,Chat,2024-07-06T01:00:00,20,2,True
SYN-01139,Purchase problem,"Hello support, my purchase want my money back. Please help me resolve this soon.",Refund Request,Low,Open,Email,2024-11-14T20:00:00,89,3,True
SYN-01192,Money problem,"Hello support, my money refund is missing. Please help me resolve this when possible.",Refund Request,High,Open,Email,2024-11-10T20:00:00,9,1,True
SYN-00473,Charged help,"Hello support, my charged was charged twice. Please help me resolve this today.",Billing Inquiry,Medium,Open,Chat,2024-08-08T22:00:00,107,5,True
SYN-01412,Product problem,"Hello support, my product which plan includes it. Please help me resolve this when possible.",Product Inquiry,Critical,Closed,Email,2024-03-19T06:00:00,90,3,True
SYN-02077,Help problem,"Hello support, my help where can I find help. Please help me resolve this soon.",General Support,High,Closed,Email,2024-08-21T00:00:00,114,2,True
SYN-00115,Device question,"Hello support, my device stopped working. Please help me resolve this today.",Technical Issue,Medium,Closed,Email,2024-10-07T17:00:00,82,5,True
SYN-00432,Payment request,"Hello support, my payment need a receipt. Please help me resolve this soon.",Billing Inquiry,High,Resolved,Chat,2024-10-01T16:00:00,18,2,True
SYN-01969,Contact question,"Hello support, my contact please contact me. Please help me resolve this today.",General Support,Low,Open,Web,2024-07-25T01:00:00,78,2,True
SYN-01388,Product request,"Hello support, my product which plan includes it. Please help me resolve this today.",Product Inquiry,High,Resolved,Phone,2024-01-07T15:00:00,105,1,True
SYN-00356,Card request,"Hello support, my card payment was declined. Please help me resolve this soon.",Billing Inquiry,High,Resolved,Chat,2024-03-17T04:00:00,86,2,True
SYN-00117,Crash question,"Hello support, my crash will not start. Please help me resolve this soon.",Technical Issue,Low,Open,Chat,2024-01-16T11:00:00,5,5,True
SYN-02021,Contact question,"Hello support, my contact need some assistance. Please help me resolve this today.",General Support,Critical,Open,Email,2024-05-12T22:00:00,120,3,True
SYN-01785,Shipment help,"Hello support, my shipment has not arrived. Please help me resolve this when possible.",Shipping Issue,Low,Open,Chat,2024-06-06T14:00:00,65,2,True
SYN-01554,Package request,"Hello support, my package tracking is frozen. Please help me resolve this when possible.",Shipping Issue,Low,Resolved,Email,2024-10-08T07:00:00,104,2,True
SYN-01865,Question question,"Hello support, my question where can I find help. Please help me resolve this when possible.",General Support,High,Resolved,Web,2024-08-29T00:00:00,44,3,True
SYN-01853,Question request,"Hello support, my question have a general question. Please help me resolve this when possible.",General Support,Medium,Resolved,Phone,2024-05-17T18:00:00,76,1,True
SYN-01930,Help question,"Hello support, my help where can I find help. Please help me resolve this today.",General Support,Medium,Pending,Phone,2024-06-12T19:00:00,74,4,True
SYN-01647,Courier problem,"Hello support, my courier has not arrived. Please help me resolve this soon.",Shipping Issue,Medium,Open,Web,2024-01-23T23:00:00,99,5,True
SYN-00022,Crash question,"Hello support, my crash keeps failing. Please help me resolve this today.",Technical Issue,Medium,Pending,Chat,2024-05-17T10:00:00,94,5,True
SYN-00748,Login question,"Hello support, my login cannot sign in. Please help me resolve this soon.",Account Access,Low,Resolved,Web,2024-02-13T18:00:00,108,1,True
SYN-01584,Courier help,"Hello support, my courier went to wrong address. Please help me resolve this when possible.",Shipping Issue,Medium,Resolved,Phone,2024-06-04T17:00:00,106,5,True
SYN-01892,Help request,"Hello support, my help please contact me. Please help me resolve this today.",General Support,Low,Open,Chat,2024-10-12T01:00:00,112,5,True
SYN-00252,Error help,"Hello support, my error will not start. Please help me resolve this today.",Technical Issue,Low,Open,Email,2024-09-02T20:00:00,70,1,True
SYN-00139,Update help,"Hello support, my update stopped working. Please help me resolve this soon.",Technical Issue,Medium,Open,Phone,2024-07-26T05:00:00,57,4,True
SYN-01528,Delivery question,"Hello support, my delivery has not arrived. Please help me resolve this when possible.",Shipping Issue,Low,Pending,Web,2024-09-03T19:00:00,2,3,True
SYN-00960,Purchase problem,"Hello support, my purchase return was approved. Please help me resolve this when possible.",Refund Request,Medium,Pending,Phone,2024-03-04T08:00:00,26,4,True
SYN-00837,Account request,"Hello support, my account account is locked. Please help me resolve this when possible.",Account Access,Critical,Pending,Email,2024-08-15T15:00:00,101,3,True
SYN-01790,Courier problem,"Hello support, my courier package was damaged. Please help me resolve this when possible.",Shipping Issue,Medium,Closed,Chat,2024-04-27T01:00:00,108,2,True
SYN-00405,Invoice problem,"Hello support, my invoice was charged twice. Please help me resolve this soon.",Billing Inquiry,High,Open,Email,2024-02-12T00:00:00,47,1,True
SYN-00450,Billing help,"Hello support, my billing need a receipt. Please help me resolve this soon.",Billing Inquiry,High,Open,Web,2024-06-02T23:00:00,81,1,True
SYN-00045,Screen problem,"Hello support, my screen shows an error. Please help me resolve this when possible.",Technical Issue,High,Resolved,Web,2024-08-14T10:00:00,109,3,True
SYN-00471,Charged question,"Hello support, my charged was charged twice. Please help me resolve this today.",Billing Inquiry,Medium,Pending,Chat,2024-01-27T07:00:00,66,3,True
SYN-01391,Product help,"Hello support, my product is this supported. Please help me resolve this today.",Product Inquiry,Low,Open,Phone,2024-04-05T14:00:00,78,3,True
SYN-00419,Card request,"Hello support, my card amount is incorrect. Please help me resolve this soon.",Billing Inquiry,High,Closed,Chat,2024-05-27T17:00:00,85,5,True
SYN-01660,Shipment request,"Hello support, my shipment has not arrived. Please help me resolve this soon.",Shipping Issue,Medium,Open,Email,2024-04-30T07:00:00,43,2,True
SYN-01315,Plan help,"Hello support, my plan which plan includes it. Please help me resolve this soon.",Product Inquiry,Low,Pending,Email,2024-06-13T17:00:00,87,4,True
SYN-01353,Product request,"Hello support, my product is this supported. Please help me resolve this today.",Product Inquiry,Low,Closed,Email,2024-08-05T05:00:00,4,3,True
SYN-01565,Tracking request,"Hello support, my tracking package was damaged. Please help me resolve this today.",Shipping Issue,Medium,Pending,Phone,2024-01-15T11:00:00,6,3,True
SYN-01756,Tracking problem,"Hello support, my tracking tracking is frozen. Please help me resolve this when possible.",Shipping Issue,Low,Pending,Email,2024-03-23T02:00:00,117,3,True
SYN-00276,Screen help,"Hello support, my screen keeps failing. Please help me resolve this when possible.",Technical Issue,Critical,Pending,Phone,2024-10-06T12:00:00,109,2,True
SYN-00034,Error question,"Hello support, my error shows an error. Please help me resolve this when possible.",Technical Issue,Critical,Resolved,Email,2024-03-10T11:00:00,88,1,True
SYN-01839,Guidance question,"Hello support, my guidance need some assistance. Please help me resolve this today.",General Support,Critical,Resolved,Email,2024-07-09T07:00:00,76,2,True
SYN-00020,Device help,"Hello support, my device will not start. Please help me resolve this today.",Technical Issue,Medium,Closed,Chat,2024-04-05T01:00:00,86,4,True
SYN-00479,Card problem,"Hello support, my card amount is incorrect. Please help me resolve this today.",Billing Inquiry,Critical,Pending,Email,2024-10-26T14:00:00,101,4,True
SYN-01884,Contact help,"Hello support, my contact where can I find help. Please help me resolve this today.",General Support,Medium,Closed,Phone,2024-09-08T14:00:00,96,2,True
SYN-01066,Refund problem,"Hello support, my refund return was approved. Please help me resolve this when possible.",Refund Request,Critical,Resolved,Email,2024-05-08T20:00:00,94,1,True
SYN-00274,Screen request,"Hello support, my screen stopped working. Please help me resolve this soon.",Technical Issue,Critical,Resolved,Web,2024-11-26T07:00:00,74,3,True
SYN-00412,Charged help,"Hello support, my charged need a receipt. Please help me resolve this today.",Billing Inquiry,Low,Pending,Email,2024-04-11T01:00:00,34,3,True
SYN-01539,Tracking help,"Hello support, my tracking has not arrived. Please help me resolve this soon.",Shipping Issue,Critical,Resolved,Web,2024-08-23T19:00:00,46,4,True
SYN-00327,Payment request,"Hello support, my payment need a receipt. Please help me resolve this today.",Billing Inquiry,Critical,Pending,Phone,2024-11-10T02:00:00,20,2,True
SYN-02043,Guidance question,"Hello support, my guidance need some assistance. Please help me resolve this when possible.",General Support,Low,Pending,Email,2024-11-13T16:00:00,46,1,True
SYN-00919,Return help,"Hello support, my return cancel this order. Please help me resolve this soon.",Refund Request,Critical,Open,Email,2024-11-06T17:00:00,73,3,True
SYN-00372,Invoice problem,"Hello support, my invoice need a receipt. Please help me resolve this when possible.",Billing Inquiry,Medium,Open,Web,2024-11-04T03:00:00,110,2,True
SYN-00693,Locked request,"Hello support, my locked cannot sign in. Please help me resolve this when possible.",Account Access,Medium,Resolved,Phone,2024-08-09T12:00:00,62,3,True
SYN-01994,Guidance request,"Hello support, my guidance need some assistance. Please help me resolve this today.",General Support,Medium,Open,Email,2024-08-30T22:00:00,74,1,True
SYN-00865,Locked problem,"Hello support, my locked cannot sign in. Please help me resolve this when possible.",Account Access,Low,Closed,Email,2024-09-25T17:00:00,113,3,True
SYN-01299,Compatible problem,"Hello support, my compatible need more information. Please help me resolve this today.",Product Inquiry,Critical,Open,Phone,2024-05-23T05:00:00,107,1,True
SYN-01736,Courier problem,"Hello support, my courier tracking is frozen. Please help me resolve this today.",Shipping Issue,Low,Resolved,Web,2024-08-02T04:00:00,64,5,True
SYN-01146,Return request,"Hello support, my return cancel this order. Please help me resolve this soon.",Refund Request,Medium,Open,Phone,2024-05-11T14:00:00,58,4,True
SYN-00332,Invoice problem,"Hello support, my invoice was charged twice. Please help me resolve this soon.",Billing Inquiry,Low,Closed,Phone,2024-07-03T20:00:00,45,1,True
SYN-00335,Invoice request,"Hello support, my invoice amount is incorrect. Please help me resolve this today.",Billing Inquiry,High,Resolved,Phone,2024-05-28T11:00:00,85,4,True
SYN-00097,Update help,"Hello support, my update stopped working. Please help me resolve this soon.",Technical Issue,High,Pending,Chat,2024-04-27T19:00:00,43,5,True
SYN-00751,Locked help,"Hello support, my locked account is locked. Please help me resolve this when possible.",Account Access,Critical,Resolved,Email,2024-01-13T18:00:00,59,4,True
SYN-01099,Cancel help,"Hello support, my cancel want my money back. Please help me resolve this soon.",Refund Request,Low,Closed,Chat,2024-09-27T08:00:00,87,4,True
SYN-00468,Billing question,"Hello support, my billing amount is incorrect. Please help me resolve this today.",Billing Inquiry,High,Resolved,Chat,2024-01-14T14:00:00,84,4,True
SYN-00318,Card request,"Hello support, my card amount is incorrect. Please help me resolve this today.",Billing Inquiry,Low,Closed,Phone,2024-01-05T16:00:00,34,5,True
SYN-00120,Error question,"Hello support, my error shows an error. Please help me resolve this when possible.",Technical Issue,High,Open,Web,2024-02-03T21:00:00,88,3,True
SYN-01743,Shipment request,"Hello support, my shipment tracking is frozen. Please help me resolve this when possible.",Shipping Issue,Low,Open,Phone,2024-02-01T21:00:00,44,5,True
SYN-01639,Shipment question,"Hello support, my shipment tracking is frozen. Please help me resolve this soon.",Shipping Issue,High,Pending,Phone,2024-03-15T09:00:00,41,2,True
SYN-02047,Question question,"Hello support, my question please contact me. Please help me resolve this today.",General Support,Low,Resolved,Web,2024-08-22T03:00:00,73,1,True
SYN-01393,Product question,"Hello support, my product is this supported. Please help me resolve this when possible.",Product Inquiry,Medium,Open,Web,2024-10-25T07:00:00,20,2,True
SYN-01611,Shipment problem,"Hello support, my shipment has not arrived. Please help me resolve this today.",Shipping Issue,High,Open,Phone,2024-05-06T22:00:00,8,2,True
SYN-00540,Billing question,"Hello support, my billing was charged twice. Please help me resolve this when possible.",Billing Inquiry,Medium,Resolved,Email,2024-10-28T08:00:00,3,5,True
SYN-00954,Cancel request,"Hello support, my cancel refund is missing. Please help me resolve this soon.",Refund Request,Medium,Pending,Email,2024-11-18T07:00:00,88,1,True
SYN-01644,Delivery question,"Hello support, my delivery has not arrived. Please help me resolve this soon.",Shipping Issue,Medium,Resolved,Chat,2024-03-26T11:00:00,11,4,True
SYN-00586,Charged request,"Hello support, my charged need a receipt. Please help me resolve this soon.",Billing Inquiry,Low,Resolved,Phone,2024-07-20T11:00:00,115,2,True
SYN-00898,Locked question,"Hello support, my locked code never arrived. Please help me resolve this soon.",Account Access,Critical,Pending,Phone,2024-09-13T10:00:00,113,3,True
SYN-00998,Return request,"Hello support, my return return was approved. Please help me resolve this when possible.",Refund Request,High,Resolved,Chat,2024-07-24T12:00:00,71,5,True
SYN-01820,Help help,"Hello support, my help where can I find help. Please help me resolve this soon.",General Support,Medium,Pending,Phone,2024-10-29T05:00:00,18,1,True
SYN-00314,Billing request,"Hello support, my billing payment was declined. Please help me resolve this soon.",Billing Inquiry,Low,Pending,Phone,2024-09-27T00:00:00,18,1,True
SYN-01960,Contact help,"Hello support, my contact please contact me. Please help me resolve this when possible.",General Support,Low,Resolved,Email,2024-03-25T02:00:00,90,1,True
SYN-01513,Delivery problem,"Hello support, my delivery has not arrived. Please help me resolve this soon.",Shipping Issue,Low,Resolved,Phone,2024-01-03T23:00:00,118,2,True
SYN-01384,Compatible request,"Hello support, my compatible is this supported. Please help me resolve this soon.",Product Inquiry,Medium,Pending,Chat,2024-04-20T12:00:00,21,3,True
SYN-00575,Card problem,"Hello support, my card was charged twice. Please help me resolve this today.",Billing Inquiry,High,Pending,Email,2024-04-18T08:00:00,9,3,True
SYN-01520,Tracking problem,"Hello support, my tracking went to wrong address. Please help me resolve this soon.",Shipping Issue,Critical,Open,Web,2024-04-09T18:00:00,92,2,True
SYN-00289,Device question,"Hello support, my device keeps failing. Please help me resolve this today.",Technical Issue,Medium,Resolved,Email,2024-08-17T09:00:00,18,2,True
SYN-01750,Delivery request,"Hello support, my delivery tracking is frozen. Please help me resolve this when possible.",Shipping Issue,Critical,Open,Email,2024-05-07T20:00:00,5,2,True
SYN-01131,Cancel help,"Hello support, my cancel want my money back. Please help me resolve this when possible.",Refund Request,Critical,Resolved,Phone,2024-07-14T21:00:00,115,2,True
SYN-00067,Screen help,"Hello support, my screen keeps failing. Please help me resolve this today.",Technical Issue,Critical,Resolved,Web,2024-10-16T23:00:00,54,2,True
SYN-01642,Shipment question,"Hello support, my shipment went to wrong address. Please help me resolve this soon.",Shipping Issue,High,Closed,Chat,2024-04-28T20:00:00,30,2,True
SYN-01107,Return question,"Hello support, my return refund is missing. Please help me resolve this soon.",Refund Request,Critical,Closed,Email,2024-11-20T10:00:00,16,3,True
SYN-02072,Help request,"Hello support, my help please contact me. Please help me resolve this today.",General Support,Medium,Pending,Web,2024-11-15T20:00:00,92,4,True
SYN-01034,Purchase problem,"Hello support, my purchase refund is missing. Please help me resolve this today.",Refund Request,Low,Open,Chat,2024-01-30T18:00:00,114,2,True
SYN-00852,Verification question,"Hello support, my verification reset link expired. Please help me resolve this soon.",Account Access,High,Open,Email,2024-05-21T15:00:00,4,1,True
SYN-01187,Money request,"Hello support, my money refund is missing. Please help me resolve this soon.",Refund Request,Medium,Resolved,Web,2024-04-04T12:00:00,2,5,True
SYN-01834,Guidance problem,"Hello support, my guidance where can I find help. Please help me resolve this soon.",General Support,Critical,Open,Web,2024-05-17T11:00:00,88,4,True
SYN-00476,Card request,"Hello support, my card need a receipt. Please help me resolve this today.",Billing Inquiry,Critical,Pending,Chat,2024-10-23T00:00:00,62,5,True
SYN-02026,Question request,"Hello support, my question where can I find help. Please help me resolve this soon.",General Support,High,Pending,Phone,2024-05-21T00:00:00,76,3,True
SYN-00039,Error help,"Hello support, my error shows an error. Please help me resolve this when possible.",Technical Issue,Medium,Resolved,Chat,2024-09-24T01:00:00,120,1,True
SYN-00221,Error help,"Hello support, my error keeps failing. Please help me resolve this when possible.",Technical Issue,High,Pending,Email,2024-04-22T20:00:00,21,3,True
SYN-01627,Package question,"Hello support, my package package was damaged. Please help me resolve this when possible.",Shipping Issue,Critical,Pending,Phone,2024-06-04T05:00:00,120,1,True
SYN-01546,Tracking help,"Hello support, my tracking went to wrong address. Please help me resolve this when possible.",Shipping Issue,Low,Pending,Phone,2024-08-03T04:00:00,40,3,True
SYN-00543,Invoice problem,"Hello support, my invoice need a receipt. Please help me resolve this when possible.",Billing Inquiry,Critical,Closed,Phone,2024-03-06T09:00:00,13,1,True
SYN-01330,Plan request,"Hello support, my plan which plan includes it. Please help me resolve this soon.",Product Inquiry,Critical,Open,Chat,2024-02-08T02:00:00,101,1,True
SYN-00600,Charged question,"Hello support, my charged need a receipt. Please help me resolve this soon.",Billing Inquiry,Medium,Open,Chat,2024-05-21T07:00:00,6,3,True
SYN-00937,Cancel problem,"Hello support, my cancel refund is missing. Please help me resolve this when possible.",Refund Request,Critical,Closed,Chat,2024-01-24T01:00:00,43,5,True
SYN-00635,Account question,"Hello support, my account code never arrived. Please help me resolve this today.",Account Access,Low,Closed,Phone,2024-11-12T06:00:00,70,1,True
SYN-02031,Support help,"Hello support, my support where can I find help. Please help me resolve this soon.",General Support,Medium,Pending,Phone,2024-01-14T06:00:00,96,3,True
SYN-00510,Card request,"Hello support, my card was charged twice. Please help me resolve this soon.",Billing Inquiry,High,Resolved,Web,2024-07-15T21:00:00,74,4,True
SYN-00069,Screen problem,"Hello support, my screen shows an error. Please help me resolve this soon.",Technical Issue,Critical,Pending,Web,2024-10-17T17:00:00,32,5,True
SYN-00278,Device question,"Hello support, my device stopped working. Please help me resolve this when possible.",Technical Issue,Low,Open,Chat,2024-07-04T13:00:00,5,3,True
SYN-01419,Feature help,"Hello support, my feature want to compare options. Please help me resolve this today.",Product Inquiry,Low,Resolved,Web,2024-06-07T12:00:00,54,4,True
SYN-00835,Verification question,"Hello support, my verification cannot sign in. Please help me resolve this soon.",Account Access,High,Open,Email,2024-09-06T20:00:00,8,1,True
SYN-00391,Billing problem,"Hello support, my billing payment was declined. Please help me resolve this when possible.",Billing Inquiry,Critical,Resolved,Phone,2024-08-20T08:00:00,18,4,True
SYN-00376,Charged problem,"Hello support, my charged amount is incorrect. Please help me resolve this soon.",Billing Inquiry,High,Closed,Phone,2024-11-11T17:00:00,14,4,True
SYN-00608,Login request,"Hello support, my login account is locked. Please help me resolve this today.",Account Access,Critical,Open,Web,2024-09-24T22:00:00,5,5,True
SYN-00420,Card request,"Hello support, my card amount is incorrect. Please help me resolve this when possible.",Billing Inquiry,Critical,Closed,Chat,2024-01-04T23:00:00,83,1,True
SYN-00099,Error request,"Hello support, my error stopped working. Please help me resolve this when possible.",Technical Issue,High,Open,Web,2024-11-25T07:00:00,5,1,True
SYN-01512,Package request,"Hello support, my package package was damaged. Please help me resolve this soon.",Shipping Issue,High,Open,Email,2024-03-24T20:00:00,112,1,True
SYN-01128,Money problem,"Hello support, my money return was approved. Please help me resolve this today.",Refund Request,High,Resolved,Chat,2024-05-02T02:00:00,32,3,True
SYN-01111,Money question,"Hello support, my money return was approved. Please help me resolve this when possible.",Refund Request,Medium,Closed,Chat,2024-05-17T14:00:00,116,1,True
SYN-01837,Help question,"Hello support, my help where can I find help. Please help me resolve this today.",General Support,High,Closed,Email,2024-08-19T16:00:00,112,3,True
SYN-01740,Shipment problem,"Hello support, my shipment has not arrived. Please help me resolve this when possible.",Shipping Issue,Medium,Pending,Web,2024-08-23T10:00:00,10,1,True
SYN-00174,Crash request,"Hello support, my crash stopped working. Please help me resolve this today.",Technical Issue,Medium,Open,Phone,2024-01-13T14:00:00,38,3,True
SYN-01472,Feature help,"Hello support, my feature need more information. Please help me resolve this soon.",Product Inquiry,Low,Resolved,Email,2024-01-02T14:00:00,42,2,True
SYN-02080,Guidance question,"Hello support, my guidance need some assistance. Please help me resolve this soon.",General Support,Critical,Closed,Email,2024-05-05T05:00:00,52,4,True
SYN-01796,Shipment request,"Hello support, my shipment has not arrived. Please help me resolve this today.",Shipping Issue,Medium,Pending,Phone,2024-04-19T08:00:00,96,3,True
SYN-02079,Contact problem,"Hello support, my contact where can I find help. Please help me resolve this today.",General Support,Low,Closed,Web,2024-02-25T08:00:00,20,1,True
SYN-00532,Billing problem,"Hello support, my billing payment was declined. Please help me resolve this when possible.",Billing Inquiry,Medium,Open,Chat,2024-03-08T19:00:00,47,4,True
SYN-00388,Charged help,"Hello support, my charged need a receipt. Please help me resolve this when possible.",Billing Inquiry,Low,Open,Phone,2024-04-13T03:00:00,87,5,True
SYN-01731,Delivery question,"Hello support, my delivery went to wrong address. Please help me resolve this today.",Shipping Issue,Critical,Open,Web,2024-02-18T00:00:00,37,5,True
SYN-01132,Return help,"Hello support, my return want my money back. Please help me resolve this today.",Refund Request,High,Closed,Email,2024-09-30T23:00:00,64,1,True
SYN-00739,Verification question,"Hello support, my verification code never arrived. Please help me resolve this when possible.",Account Access,Critical,Resolved,Web,2024-04-05T01:00:00,98,5,True
SYN-00535,Invoice problem,"Hello support, my invoice payment was declined. Please help me resolve this today.",Billing Inquiry,High,Pending,Email,2024-11-13T17:00:00,98,2,True
SYN-00141,Device question,"Hello support, my device keeps failing. Please help me resolve this today.",Technical Issue,Medium,Resolved,Phone,2024-01-03T14:00:00,27,3,True
SYN-01429,Product question,"Hello support, my product need more information. Please help me resolve this today.",Product Inquiry,High,Resolved,Web,2024-02-11T01:00:00,71,4,True
SYN-01249,Feature help,"Hello support, my feature which plan includes it. Please help me resolve this when possible.",Product Inquiry,Critical,Pending,Web,2024-03-10T08:00:00,37,3,True
SYN-02023,Support problem,"Hello support, my support have a general question. Please help me resolve this when possible.",General Support,High,Pending,Web,2024-05-25T21:00:00,11,1,True
SYN-01527,Tracking request,"Hello support, my tracking has not arrived. Please help me resolve this soon.",Shipping Issue,Low,Pending,Chat,2024-03-23T22:00:00,10,1,True
SYN-00882,Login request,"Hello support, my login cannot sign in. Please help me resolve this when possible.",Account Access,Medium,Resolved,Phone,2024-07-21T08:00:00,102,4,True
SYN-01138,Refund help,"Hello support, my refund cancel this order. Please help me resolve this today.",Refund Request,Medium,Open,Chat,2024-10-21T00:00:00,89,3,True
SYN-00005,Update help,"Hello support, my update keeps failing. Please help me resolve this today.",Technical Issue,High,Resolved,Chat,2024-11-28T03:00:00,119,1,True
SYN-00966,Refund help,"Hello support, my refund refund is missing. Please help me resolve this when possible.",Refund Request,Medium,Open,Email,2024-10-24T03:00:00,90,5,True
SYN-01287,Upgrade request,"Hello support, my upgrade is this supported. Please help me resolve this today.",Product Inquiry,Medium,Resolved,Chat,2024-01-27T10:00:00,76,3,True
SYN-00691,Locked problem,"Hello support, my locked account is locked. Please help me resolve this soon.",Account Access,High,Closed,Email,2024-10-30T02:00:00,7,3,True
SYN-01193,Money problem,"Hello support, my money cancel this order. Please help me resolve this today.",Refund Request,High,Open,Web,2024-07-26T00:00:00,81,4,True
SYN-01549,Package question,"Hello support, my package tracking is frozen. Please help me resolve this when possible.",Shipping Issue,Medium,Pending,Chat,2024-11-03T20:00:00,17,4,True
SYN-01954,Question help,"Hello support, my question please contact me. Please help me resolve this soon.",General Support,Low,Closed,Web,2024-04-03T09:00:00,4,1,True
SYN-00803,Account question,"Hello support, my account reset link expired. Please help me resolve this when possible.",Account Access,Low,Open,Email,2024-06-27T13:00:00,55,5,True
SYN-01219,Product problem,"Hello support, my product want to compare options. Please help me resolve this today.",Product Inquiry,Critical,Resolved,Web,2024-09-24T03:00:00,94,4,True
SYN-01083,Purchase help,"Hello support, my purchase want my money back. Please help me resolve this today.",Refund Request,Low,Pending,Phone,2024-11-23T00:00:00,20,5,True
SYN-00730,Login question,"Hello support, my login cannot sign in. Please help me resolve this when possible.",Account Access,High,Resolved,Chat,2024-02-19T16:00:00,109,5,True
SYN-01483,Feature help,"Hello support, my feature need more information. Please help me resolve this today.",Product Inquiry,High,Open,Web,2024-11-25T23:00:00,39,5,True
SYN-00683,Locked request,"Hello support, my locked reset link expired. Please help me resolve this when possible.",Account Access,Medium,Open,Web,2024-09-26T11:00:00,102,5,True
SYN-00946,Money help,"Hello support, my money return was approved. Please help me resolve this today.",Refund Request,High,Closed,Web,2024-04-02T19:00:00,111,2,True
SYN-00418,Billing question,"Hello support, my billing need a receipt. Please help me resolve this when possible.",Billing Inquiry,High,Open,Chat,2024-01-16T16:00:00,9,3,True
SYN-01411,Feature help,"Hello support, my feature want to compare options. Please help me resolve this today.",Product Inquiry,High,Resolved,Phone,2024-10-01T05:00:00,54,1,True
SYN-00280,Screen request,"Hello support, my screen will not start. Please help me resolve this soon.",Technical Issue,High,Closed,Web,2024-06-23T07:00:00,96,5,True
SYN-00219,Error help,"Hello support, my error keeps failing. Please help me resolve this today.",Technical Issue,High,Open,Email,2024-10-12T10:00:00,51,3,True
SYN-00729,Account problem,"Hello support, my account cannot sign in. Please help me resolve this when possible.",Account Access,Medium,Pending,Chat,2024-09-14T13:00:00,13,3,True
SYN-00290,Screen help,"Hello support, my screen will not start. Please help me resolve this when possible.",Technical Issue,Medium,Closed,Web,2024-06-23T08:00:00,50,2,True
SYN-00057,Update problem,"Hello support, my update stopped working. Please help me resolve this when possible.",Technical Issue,Critical,Closed,Email,2024-11-04T20:00:00,99,3,True
SYN-00112,Error question,"Hello support, my error will not start. Please help me resolve this when possible.",Technical Issue,High,Pending,Phone,2024-09-25T11:00:00,70,4,True
SYN-01387,Product problem,"Hello support, my product want to compare options. Please help me resolve this soon.",Product Inquiry,Low,Closed,Phone,2024-09-17T07:00:00,54,2,True
SYN-00458,Payment question,"Hello support, my payment amount is incorrect. Please help me resolve this soon.",Billing Inquiry,Critical,Resolved,Phone,2024-11-03T05:00:00,25,5,True
SYN-01252,Plan problem,"Hello support, my plan which plan includes it. Please help me resolve this when possible.",Product Inquiry,High,Open,Web,2024-06-03T18:00:00,81,1,True
SYN-01965,Contact help,"Hello support, my contact where can I find help. Please help me resolve this soon.",General Support,Medium,Open,Phone,2024-01-18T01:00:00,42,3,True
SYN-00132,Crash problem,"Hello support, my crash shows an error. Please help me resolve this when possible.",Technical Issue,High,Open,Web,2024-10-04T02:00:00,17,3,True
SYN-00782,Account help,"Hello support, my account account is locked. Please help me resolve this today.",Account Access,High,Closed,Email,2024-03-21T09:00:00,80,1,True
SYN-00624,Locked help,"Hello support, my locked code never arrived. Please help me resolve this soon.",Account Access,Low,Closed,Chat,2024-02-09T00:00:00,76,3,True
SYN-00887,Locked question,"Hello support, my locked account is locked. Please help me resolve this when possible.",Account Access,High,Closed,Phone,2024-10-17T19:00:00,75,2,True
SYN-01668,Package question,"Hello support, my package went to wrong address. Please help me resolve this when possible.",Shipping Issue,High,Resolved,Chat,2024-10-17T08:00:00,61,5,True
SYN-00570,Charged help,"Hello support, my charged payment was declined. Please help me resolve this when possible.",Billing Inquiry,Medium,Open,Phone,2024-04-23T20:00:00,63,3,True
SYN-00619,Account question,"Hello support, my account account is locked. Please help me resolve this soon.",Account Access,Critical,Closed,Email,2024-05-13T19:00:00,24,1,True
SYN-00088,Update help,"Hello support, my update shows an error. Please help me resolve this when possible.",Technical Issue,Critical,Open,Web,2024-03-02T22:00:00,75,3,True
SYN-00021,Update help,"Hello support, my update will not start. Please help me resolve this soon.",Technical Issue,Critical,Closed,Web,2024-02-02T04:00:00,13,1,True
SYN-01460,Plan request,"Hello support, my plan which plan includes it. Please help me resolve this soon.",Product Inquiry,High,Open,Chat,2024-11-03T05:00:00,119,3,True
SYN-00077,Crash problem,"Hello support, my crash will not start. Please help me resolve this when possible.",Technical Issue,High,Pending,Web,2024-04-03T15:00:00,6,1,True
SYN-02054,Guidance problem,"Hello support, my guidance please contact me. Please help me resolve this when possible.",General Support,Medium,Pending,Chat,2024-03-03T17:00:00,75,2,True
SYN-01648,Package request,"Hello support, my package tracking is frozen. Please help me resolve this today.",Shipping Issue,Low,Resolved,Chat,2024-02-22T03:00:00,69,3,True
SYN-01200,Cancel request,"Hello support, my cancel want my money back. Please help me resolve this soon.",Refund Request,Low,Pending,Phone,2024-10-24T19:00:00,112,4,True
SYN-00968,Refund question,"Hello support, my refund cancel this order. Please help me resolve this when possible.",Refund Request,Critical,Pending,Web,2024-10-25T03:00:00,6,4,True
SYN-00690,Account question,"Hello support, my account cannot sign in. Please help me resolve this when possible.",Account Access,Medium,Open,Phone,2024-04-11T05:00:00,55,1,True
SYN-00759,Verification question,"Hello support, my verification reset link expired. Please help me resolve this soon.",Account Access,Critical,Resolved,Email,2024-03-23T01:00:00,20,2,True
SYN-00846,Verification help,"Hello support, my verification code never arrived. Please help me resolve this soon.",Account Access,Critical,Closed,Chat,2024-07-14T14:00:00,40,2,True
SYN-01616,Shipment request,"Hello support, my shipment package was damaged. Please help me resolve this when possible.",Shipping Issue,Medium,Closed,Web,2024-07-25T23:00:00,108,2,True
SYN-01888,Question problem,"Hello support, my question have a general question. Please help me resolve this when possible.",General Support,Low,Pending,Phone,2024-02-14T14:00:00,20,4,True
SYN-00395,Payment question,"Hello support, my payment need a receipt. Please help me resolve this soon.",Billing Inquiry,High,Resolved,Web,2024-09-26T00:00:00,114,1,True
SYN-00713,Password question,"Hello support, my password account is locked. Please help me resolve this today.",Account Access,Critical,Open,Email,2024-06-11T00:00:00,112,4,True
SYN-01063,Money request,"Hello support, my money return was approved. Please help me resolve this soon.",Refund Request,Low,Pending,Email,2024-08-27T23:00:00,12,3,True
SYN-00618,Verification help,"Hello support, my verification account is locked. Please help me resolve this soon.",Account Access,Medium,Pending,Chat,2024-08-21T15:00:00,83,5,True
SYN-00670,Locked problem,"Hello support, my locked reset link expired. Please help me resolve this today.",Account Access,Low,Closed,Chat,2024-05-29T17:00:00,32,1,True
SYN-01410,Compatible question,"Hello support, my compatible is this supported. Please help me resolve this soon.",Product Inquiry,High,Open,Web,2024-01-31T23:00:00,103,1,True
SYN-00089,Update problem,"Hello support, my update shows an error. Please help me resolve this today.",Technical Issue,High,Closed,Web,2024-04-19T14:00:00,86,3,True
SYN-01807,Contact problem,"Hello support, my contact have a general question. Please help me resolve this soon.",General Support,Critical,Open,Web,2024-05-15T20:00:00,82,2,True
SYN-00236,Crash help,"Hello support, my crash keeps failing. Please help me resolve this when possible.",Technical Issue,Low,Pending,Chat,2024-10-03T07:00:00,85,1,True
SYN-00355,Payment help,"Hello support, my payment payment was declined. Please help me resolve this when possible.",Billing Inquiry,Critical,Resolved,Chat,2024-02-16T13:00:00,21,5,True
SYN-00126,Device request,"Hello support, my device keeps failing. Please help me resolve this when possible.",Technical Issue,Low,Resolved,Web,2024-06-03T06:00:00,65,1,True
SYN-01933,Contact help,"Hello support, my contact have a general question. Please help me resolve this today.",General Support,Medium,Open,Phone,2024-02-06T01:00:00,12,1,True
SYN-00913,Money question,"Hello support, my money return was approved. Please help me resolve this when possible.",Refund Request,Critical,Resolved,Email,2024-06-11T01:00:00,14,2,True
SYN-01838,Contact request,"Hello support, my contact have a general question. Please help me resolve this today.",General Support,Medium,Resolved,Web,2024-09-07T00:00:00,10,4,True
SYN-01508,Shipment request,"Hello support, my shipment went to wrong address. Please help me resolve this soon.",Shipping Issue,Medium,Closed,Email,2024-08-07T19:00:00,40,5,True
SYN-00213,Error question,"Hello support, my error stopped working. Please help me resolve this when possible.",Technical Issue,High,Resolved,Email,2024-04-18T05:00:00,62,5,True
SYN-00323,Card request,"Hello support, my card payment was declined. Please help me resolve this when possible.",Billing Inquiry,High,Open,Email,2024-02-26T23:00:00,48,3,True
SYN-00511,Invoice help,"Hello support, my invoice need a receipt. Please help me resolve this when possible.",Billing Inquiry,Medium,Pending,Phone,2024-07-28T11:00:00,37,4,True
SYN-01895,Guidance problem,"Hello support, my guidance where can I find help. Please help me resolve this today.",General Support,Critical,Open,Chat,2024-02-01T17:00:00,78,2,True
SYN-01873,Question problem,"Hello support, my question have a general question. Please help me resolve this when possible.",General Support,Medium,Pending,Email,2024-08-29T12:00:00,70,2,True
SYN-01194,Return help,"Hello support, my return return was approved. Please help me resolve this soon.",Refund Request,High,Pending,Chat,2024-03-07T19:00:00,33,2,True
SYN-01952,Support problem,"Hello support, my support please contact me. Please help me resolve this soon.",General Support,High,Open,Chat,2024-07-08T21:00:00,66,3,True
SYN-01316,Product help,"Hello support, my product which plan includes it. Please help me resolve this when possible.",Product Inquiry,Low,Pending,Chat,2024-11-21T15:00:00,74,3,True
SYN-01092,Refund request,"Hello support, my refund cancel this order. Please help me resolve this soon.",Refund Request,Medium,Pending,Phone,2024-06-04T03:00:00,5,5,True
SYN-01786,Delivery question,"Hello support, my delivery has not arrived. Please help me resolve this soon.",Shipping Issue,Low,Pending,Email,2024-07-19T01:00:00,14,2,True
SYN-01986,Guidance problem,"Hello support, my guidance please contact me. Please help me resolve this soon.",General Support,High,Pending,Phone,2024-06-24T12:00:00,116,3,True
SYN-00448,Billing help,"Hello support, my billing amount is incorrect. Please help me resolve this when possible.",Billing Inquiry,Low,Pending,Email,2024-03-11T04:00:00,69,4,True
SYN-00977,Purchase help,"Hello support, my purchase return was approved. Please help me resolve this soon.",Refund Request,High,Pending,Chat,2024-10-16T03:00:00,50,1,True
SYN-01240,Product problem,"Hello support, my product need more information. Please help me resolve this today.",Product Inquiry,Critical,Closed,Phone,2024-08-23T12:00:00,22,2,True
SYN-02040,Support problem,"Hello support, my support please contact me. Please help me resolve this today.",General Support,Critical,Open,Email,2024-10-24T14:00:00,8,3,True
SYN-01631,Delivery question,"Hello support, my delivery has not arrived. Please help me resolve this soon.",Shipping Issue,Critical,Pending,Chat,2024-02-08T00:00:00,44,2,True
SYN-01026,Refund help,"Hello support, my refund cancel this order. Please help me resolve this today.",Refund Request,Critical,Open,Chat,2024-08-27T06:00:00,32,2,True
SYN-00673,Password question,"Hello support, my password code never arrived. Please help me resolve this soon.",Account Access,Critical,Open,Chat,2024-07-27T21:00:00,12,2,True
SYN-01511,Courier request,"Hello support, my courier tracking is frozen. Please help me resolve this when possible.",Shipping Issue,Critical,Pending,Chat,2024-04-03T07:00:00,96,4,True
SYN-00098,Update help,"Hello support, my update will not start. Please help me resolve this today.",Technical Issue,High,Closed,Web,2024-10-19T04:00:00,100,4,True
SYN-00460,Billing request,"Hello support, my billing payment was declined. Please help me resolve this when possible.",Billing Inquiry,High,Closed,Web,2024-10-13T18:00:00,47,4,True
SYN-00300,Crash help,"Hello support, my crash will not start. Please help me resolve this today.",Technical Issue,High,Pending,Chat,2024-11-24T15:00:00,97,2,True
SYN-00351,Invoice request,"Hello support, my invoice payment was declined. Please help me resolve this when possible.",Billing Inquiry,Medium,Closed,Phone,2024-11-19T10:00:00,73,2,True
SYN-01575,Delivery problem,"Hello support, my delivery has not arrived. Please help me resolve this today.",Shipping Issue,High,Open,Phone,2024-10-18T01:00:00,4,4,True
SYN-01956,Question help,"Hello support, my question need some assistance. Please help me resolve this soon.",General Support,Critical,Open,Chat,2024-04-02T16:00:00,11,3,True
SYN-01808,Question request,"Hello support, my question please contact me. Please help me resolve this when possible.",General Support,Medium,Resolved,Phone,2024-07-10T17:00:00,93,2,True
SYN-01385,Upgrade help,"Hello support, my upgrade want to compare options. Please help me resolve this when possible.",Product Inquiry,High,Pending,Phone,2024-08-11T01:00:00,77,4,True
SYN-01077,Purchase help,"Hello support, my purchase want my money back. Please help me resolve this today.",Refund Request,Low,Resolved,Email,2024-07-11T10:00:00,102,3,True
SYN-00036,Update request,"Hello support, my update keeps failing. Please help me resolve this when possible.",Technical Issue,Low,Resolved,Chat,2024-02-08T04:00:00,10,4,True
SYN-02070,Support request,"Hello support, my support please contact me. Please help me resolve this when possible.",General Support,Medium,Open,Email,2024-06-15T07:00:00,36,4,True
SYN-00840,Locked help,"Hello support, my locked code never arrived. Please help me resolve this soon.",Account Access,Critical,Closed,Web,2024-07-19T18:00:00,72,4,True
SYN-00553,Billing question,"Hello support, my billing payment was declined. Please help me resolve this soon.",Billing Inquiry,Medium,Pending,Phone,2024-02-23T06:00:00,18,3,True
SYN-01178,Purchase request,"Hello support, my purchase want my money back. Please help me resolve this when possible.",Refund Request,Critical,Pending,Chat,2024-08-27T11:00:00,27,2,True
SYN-00464,Billing question,"Hello support, my billing was charged twice. Please help me resolve this today.",Billing Inquiry,Critical,Open,Web,2024-10-31T06:00:00,99,3,True
SYN-00584,Payment question,"Hello support, my payment need a receipt. Please help me resolve this when possible.",Billing Inquiry,Low,Pending,Web,2024-02-26T19:00:00,55,4,True
SYN-01709,Shipment help,"Hello support, my shipment has not arrived. Please help me resolve this today.",Shipping Issue,Medium,Open,Email,2024-11-26T22:00:00,41,5,True
SYN-01981,Contact question,"Hello support, my contact have a general question. Please help me resolve this when possible.",General Support,Medium,Closed,Chat,2024-03-23T21:00:00,86,1,True
SYN-01792,Package question,"Hello support, my package package was damaged. Please help me resolve this today.",Shipping Issue,High,Pending,Web,2024-01-27T04:00:00,12,1,True
SYN-00530,Charged request,"Hello support, my charged need a receipt. Please help me resolve this when possible.",Billing Inquiry,Low,Pending,Web,2024-09-20T05:00:00,57,1,True
SYN-01446,Upgrade help,"Hello support, my upgrade need more information. Please help me resolve this when possible.",Product Inquiry,Low,Pending,Chat,2024-11-16T22:00:00,52,1,True
SYN-01812,Contact request,"Hello support, my contact where can I find help. Please help me resolve this today.",General Support,High,Resolved,Email,2024-02-03T12:00:00,87,3,True
SYN-01845,Guidance help,"Hello support, my guidance have a general question. Please help me resolve this when possible.",General Support,Critical,Pending,Chat,2024-10-19T12:00:00,80,3,True
SYN-01846,Guidance problem,"Hello support, my guidance have a general question. Please help me resolve this when possible.",General Support,High,Open,Web,2024-06-17T14:00:00,96,2,True
SYN-01207,Compatible request,"Hello support, my compatible want to compare options. Please help me resolve this today.",Product Inquiry,Critical,Open,Phone,2024-08-27T09:00:00,55,3,True
SYN-01951,Question help,"Hello support, my question have a general question. Please help me resolve this today.",General Support,High,Pending,Chat,2024-06-11T04:00:00,93,1,True
SYN-01719,Delivery request,"Hello support, my delivery went to wrong address. Please help me resolve this today.",Shipping Issue,High,Pending,Chat,2024-02-24T04:00:00,76,5,True
SYN-01573,Delivery question,"Hello support, my delivery tracking is frozen. Please help me resolve this today.",Shipping Issue,Critical,Closed,Phone,2024-10-10T03:00:00,24,4,True
SYN-00249,Screen request,"Hello support, my screen shows an error. Please help me resolve this when possible.",Technical Issue,Medium,Open,Phone,2024-05-21T06:00:00,6,5,True
SYN-01254,Product question,"Hello support, my product is this supported. Please help me resolve this soon.",Product Inquiry,Medium,Closed,Chat,2024-08-17T20:00:00,26,4,True
SYN-00626,Password request,"Hello support, my password cannot sign in. Please help me resolve this soon.",Account Access,High,Closed,Web,2024-09-15T09:00:00,19,2,True
SYN-00150,Update question,"Hello support, my update stopped working. Please help me resolve this when possible.",Technical Issue,Low,Resolved,Email,2024-08-03T12:00:00,39,3,True
SYN-00528,Payment problem,"Hello support, my payment need a receipt. Please help me resolve this soon.",Billing Inquiry,Low,Pending,Email,2024-05-06T18:00:00,60,3,True
SYN-01998,Question request,"Hello support, my question please contact me. Please help me resolve this when possible.",General Support,Low,Open,Web,2024-11-12T22:00:00,41,3,True
SYN-01680,Shipment question,"Hello support, my shipment has not arrived. Please help me resolve this when possible.",Shipping Issue,Low,Resolved,Chat,2024-04-01T05:00:00,76,1,True
SYN-00454,Payment request,"Hello support, my payment amount is incorrect. Please help me resolve this today.",Billing Inquiry,Low,Open,Web,2024-07-07T22:00:00,112,5,True
SYN-01844,Contact problem,"Hello support, my contact need some assistance. Please help me resolve this when possible.",General Support,Critical,Closed,Web,2024-11-24T21:00:00,79,4,True
SYN-01871,Contact help,"Hello support, my contact where can I find help. Please help me resolve this when possible.",General Support,High,Closed,Chat,2024-11-02T19:00:00,82,1,True
SYN-00677,Locked problem,"Hello support, my locked reset link expired. Please help me resolve this soon.",Account Access,Low,Open,Chat,2024-02-23T22:00:00,101,4,True
SYN-00612,Account question,"Hello support, my account reset link expired. Please help me resolve this when possible.",Account Access,High,Closed,Email,2024-03-06T17:00:00,37,3,True
SYN-00508,Invoice question,"Hello support, my invoice was charged twice. Please help me resolve this soon.",Billing Inquiry,Low,Closed,Phone,2024-01-21T11:00:00,28,3,True
SYN-01694,Courier help,"Hello support, my courier has not arrived. Please help me resolve this soon.",Shipping Issue,Medium,Resolved,Chat,2024-06-10T23:00:00,107,4,True
SYN-01347,Upgrade help,"Hello support, my upgrade is this supported. Please help me resolve this soon.",Product Inquiry,Low,Resolved,Web,2024-08-01T01:00:00,46,2,True
SYN-00848,Password problem,"Hello support, my password code never arrived. Please help me resolve this when possible.",Account Access,Critical,Resolved,Email,2024-04-25T17:00:00,70,2,True
SYN-00577,Invoice request,"Hello support, my invoice payment was declined. Please help me resolve this when possible.",Billing Inquiry,Medium,Pending,Email,2024-07-25T17:00:00,73,3,True
SYN-01591,Shipment question,"Hello support, my shipment package was damaged. Please help me resolve this when possible.",Shipping Issue,Critical,Open,Chat,2024-03-15T18:00:00,74,4,True
SYN-00806,Verification help,"Hello support, my verification account is locked. Please help me resolve this when possible.",Account Access,Critical,Resolved,Phone,2024-04-17T03:00:00,76,2,True
SYN-01253,Upgrade problem,"Hello support, my upgrade which plan includes it. Please help me resolve this when possible.",Product Inquiry,Low,Pending,Chat,2024-03-05T23:00:00,108,5,True
SYN-00687,Login help,"Hello support, my login cannot sign in. Please help me resolve this today.",Account Access,Medium,Resolved,Phone,2024-08-24T14:00:00,94,2,True
SYN-01168,Cancel request,"Hello support, my cancel want my money back. Please help me resolve this soon.",Refund Request,High,Pending,Email,2024-01-18T00:00:00,33,3,True
SYN-01147,Return problem,"Hello support, my return cancel this order. Please help me resolve this today.",Refund Request,Critical,Open,Email,2024-11-20T18:00:00,112,2,True
SYN-01272,Product request,"Hello support, my product which plan includes it. Please help me resolve this soon.",Product Inquiry,Low,Closed,Web,2024-06-13T23:00:00,37,3,True
SYN-01075,Purchase question,"Hello support, my purchase cancel this order. Please help me resolve this today.",Refund Request,Low,Open,Chat,2024-01-10T13:00:00,31,5,True
SYN-00594,Invoice request,"Hello support, my invoice amount is incorrect. Please help me resolve this when possible.",Billing Inquiry,High,Pending,Web,2024-05-22T07:00:00,23,5,True
SYN-01258,Plan request,"Hello support, my plan want to compare options. Please help me resolve this today.",Product Inquiry,High,Closed,Web,2024-04-10T20:00:00,13,3,True
SYN-00644,Password request,"Hello support, my password code never arrived. Please help me resolve this today.",Account Access,High,Open,Phone,2024-09-04T19:00:00,82,1,True
SYN-00161,Error help,"Hello support, my error stopped working. Please help me resolve this today.",Technical Issue,Medium,Resolved,Web,2024-07-27T09:00:00,37,2,True
SYN-01966,Contact help,"Hello support, my contact please contact me. Please help me resolve this soon.",General Support,Low,Closed,Phone,2024-06-16T06:00:00,97,3,True
SYN-00614,Account question,"Hello support, my account account is locked. Please help me resolve this when possible.",Account Access,Medium,Pending,Email,2024-02-18T07:00:00,91,3,True
SYN-01532,Courier problem,"Hello support, my courier has not arrived. Please help me resolve this today.",Shipping Issue,Medium,Pending,Phone,2024-05-31T01:00:00,24,2,True
SYN-00423,Billing help,"Hello support, my billing amount is incorrect. Please help me resolve this today.",Billing Inquiry,Low,Open,Phone,2024-02-05T00:00:00,52,5,True
SYN-01382,Plan help,"Hello support, my plan need more information. Please help me resolve this soon.",Product Inquiry,Medium,Pending,Email,2024-11-11T20:00:00,111,2,True
SYN-00847,Locked help,"Hello support, my locked code never arrived. Please help me resolve this today.",Account Access,High,Open,Web,2024-09-16T23:00:00,58,4,True
SYN-01670,Package help,"Hello support, my package went to wrong address. Please help me resolve this today.",Shipping Issue,High,Resolved,Email,2024-06-19T06:00:00,93,2,True
SYN-00330,Card request,"Hello support, my card need a receipt. Please help me resolve this soon.",Billing Inquiry,High,Pending,Web,2024-01-03T17:00:00,48,3,True
SYN-02014,Contact problem,"Hello support, my contact please contact me. Please help me resolve this soon.",General Support,Low,Resolved,Phone,2024-06-23T20:00:00,76,3,True
SYN-01852,Support question,"Hello support, my support have a general question. Please help me resolve this when possible.",General Support,Critical,Pending,Phone,2024-06-30T22:00:00,98,4,True
SYN-01526,Package help,"Hello support, my package went to wrong address. Please help me resolve this when possible.",Shipping Issue,Low,Resolved,Email,2024-01-29T10:00:00,117,1,True
SYN-01927,Guidance question,"Hello support, my guidance need some assistance. Please help me resolve this when possible.",General Support,Critical,Closed,Web,2024-10-02T17:00:00,76,2,True
SYN-00754,Verification request,"Hello support, my verification cannot sign in. Please help me resolve this soon.",Account Access,High,Open,Phone,2024-10-13T20:00:00,109,5,True
SYN-00368,Payment question,"Hello support, my payment need a receipt. Please help me resolve this today.",Billing Inquiry,Critical,Pending,Phone,2024-06-09T17:00:00,63,4,True
SYN-00017,Update help,"Hello support, my update will not start. Please help me resolve this today.",Technical Issue,Medium,Resolved,Web,2024-03-31T11:00:00,68,3,True
SYN-01977,Support request,"Hello support, my support have a general question. Please help me resolve this soon.",General Support,Medium,Open,Chat,2024-05-05T18:00:00,34,5,True
SYN-00955,Refund problem,"Hello support, my refund refund is missing. Please help me resolve this when possible.",Refund Request,Medium,Closed,Chat,2024-05-15T17:00:00,91,4,True
SYN-01216,Product problem,"Hello support, my product which plan includes it. Please help me resolve this soon.",Product Inquiry,Critical,Closed,Email,2024-10-09T08:00:00,11,4,True
SYN-00760,Verification request,"Hello support, my verification account is locked. Please help me resolve this soon.",Account Access,Medium,Closed,Chat,2024-10-08T03:00:00,37,1,True
SYN-01423,Upgrade request,"Hello support, my upgrade which plan includes it. Please help me resolve this soon.",Product Inquiry,Critical,Resolved,Chat,2024-09-16T09:00:00,116,5,True
SYN-00102,Crash question,"Hello support, my crash keeps failing. Please help me resolve this today.",Technical Issue,Low,Closed,Email,2024-03-21T03:00:00,81,1,True
SYN-00422,Invoice help,"Hello support, my invoice need a receipt. Please help me resolve this today.",Billing Inquiry,Critical,Closed,Phone,2024-05-31T14:00:00,103,1,True
SYN-01710,Tracking question,"Hello support, my tracking package was damaged. Please help me resolve this today.",Shipping Issue,Low,Resolved,Chat,2024-06-17T17:00:00,71,3,True
SYN-02061,Contact request,"Hello support, my contact need some assistance. Please help me resolve this today.",General Support,Critical,Open,Email,2024-08-25T04:00:00,77,3,True
SYN-00779,Login help,"Hello support, my login cannot sign in. Please help me resolve this soon.",Account Access,Critical,Open,Chat,2024-09-02T06:00:00,68,2,True
SYN-01426,Compatible help,"Hello support, my compatible want to compare options. Please help me resolve this today.",Product Inquiry,High,Resolved,Phone,2024-07-31T01:00:00,34,2,True
SYN-01166,Cancel question,"Hello support, my cancel return was approved. Please help me resolve this today.",Refund Request,High,Open,Web,2024-04-13T15:00:00,63,1,True
SYN-00282,Error help,"Hello support, my error shows an error. Please help me resolve this today.",Technical Issue,Critical,Resolved,Web,2024-04-16T11:00:00,44,1,True
SYN-00734,Account request,"Hello support, my account cannot sign in. Please help me resolve this soon.",Account Access,High,Resolved,Email,2024-06-08T00:00:00,15,1,True
SYN-01332,Feature problem,"Hello support, my feature want to compare options. Please help me resolve this when possible.",Product Inquiry,High,Resolved,Web,2024-06-06T02:00:00,47,3,True
SYN-01159,Refund question,"Hello support, my refund want my money back. Please help me resolve this soon.",Refund Request,Critical,Resolved,Phone,2024-04-13T23:00:00,103,4,True
SYN-01301,Feature problem,"Hello support, my feature want to compare options. Please help me resolve this today.",Product Inquiry,Medium,Pending,Phone,2024-05-22T02:00:00,108,1,True
SYN-00226,Error help,"Hello support, my error will not start. Please help me resolve this today.",Technical Issue,Critical,Resolved,Web,2024-11-22T18:00:00,18,5,True
SYN-00162,Screen question,"Hello support, my screen stopped working. Please help me resolve this soon.",Technical Issue,Critical,Pending,Chat,2024-06-06T14:00:00,99,5,True
SYN-00904,Money problem,"Hello support, my money return was approved. Please help me resolve this soon.",Refund Request,Low,Resolved,Email,2024-03-31T15:00:00,83,3,True
SYN-00952,Return question,"Hello support, my return return was approved. Please help me resolve this when possible.",Refund Request,High,Closed,Phone,2024-09-17T10:00:00,56,1,True
SYN-01987,Support help,"Hello support, my support please contact me. Please help me resolve this today.",General Support,Medium,Resolved,Email,2024-03-30T07:00:00,34,4,True
SYN-01263,Compatible problem,"Hello support, my compatible is this supported. Please help me resolve this when possible.",Product Inquiry,High,Pending,Email,2024-07-01T23:00:00,27,1,True
SYN-01553,Package help,"Hello support, my package went to wrong address. Please help me resolve this when possible.",Shipping Issue,Medium,Resolved,Phone,2024-10-08T13:00:00,80,4,True
SYN-01158,Return problem,"Hello support, my return refund is missing. Please help me resolve this when possible.",Refund Request,High,Pending,Chat,2024-02-07T08:00:00,6,2,True
SYN-01588,Package request,"Hello support, my package tracking is frozen. Please help me resolve this when possible.",Shipping Issue,Medium,Pending,Web,2024-07-23T09:00:00,44,1,True
SYN-01802,Support help,"Hello support, my support have a general question. Please help me resolve this soon.",General Support,Medium,Closed,Web,2024-11-15T03:00:00,3,5,True
SYN-01514,Tracking problem,"Hello support, my tracking tracking is frozen. Please help me resolve this soon.",Shipping Issue,High,Closed,Web,2024-04-14T23:00:00,108,3,True
SYN-01206,Upgrade problem,"Hello support, my upgrade want to compare options. Please help me resolve this when possible.",Product Inquiry,Critical,Open,Web,2024-08-20T18:00:00,88,4,True
SYN-00078,Crash help,"Hello support, my crash shows an error. Please help me resolve this soon.",Technical Issue,Medium,Open,Phone,2024-06-09T05:00:00,62,4,True
SYN-00408,Card problem,"Hello support, my card was charged twice. Please help me resolve this when possible.",Billing Inquiry,Low,Resolved,Email,2024-05-22T23:00:00,107,1,True
SYN-00964,Purchase help,"Hello support, my purchase cancel this order. Please help me resolve this soon.",Refund Request,Critical,Resolved,Phone,2024-11-14T03:00:00,63,3,True
SYN-00452,Invoice question,"Hello support, my invoice payment was declined. Please help me resolve this when possible.",Billing Inquiry,Low,Resolved,Web,2024-09-25T14:00:00,88,4,True
SYN-01432,Compatible request,"Hello support, my compatible which plan includes it. Please help me resolve this when possible.",Product Inquiry,Medium,Pending,Web,2024-02-24T04:00:00,13,2,True
SYN-00645,Login help,"Hello support, my login reset link expired. Please help me resolve this soon.",Account Access,Critical,Pending,Web,2024-06-07T09:00:00,52,4,True
SYN-00723,Verification request,"Hello support, my verification code never arrived. Please help me resolve this today.",Account Access,Medium,Pending,Chat,2024-04-26T03:00:00,118,2,True
SYN-00501,Card help,"Hello support, my card was charged twice. Please help me resolve this soon.",Billing Inquiry,Low,Resolved,Web,2024-01-19T11:00:00,68,2,True
SYN-00833,Password question,"Hello support, my password account is locked. Please help me resolve this soon.",Account Access,Medium,Resolved,Chat,2024-01-29T18:00:00,5,1,True
SYN-00048,Error request,"Hello support, my error stopped working. Please help me resolve this when possible.",Technical Issue,Low,Resolved,Phone,2024-09-27T22:00:00,116,1,True
SYN-00068,Update question,"Hello support, my update will not start. Please help me resolve this when possible.",Technical Issue,Critical,Closed,Web,2024-09-07T11:00:00,67,5,True
SYN-00678,Locked question,"Hello support, my locked account is locked. Please help me resolve this today.",Account Access,Low,Resolved,Chat,2024-05-23T00:00:00,26,1,True
SYN-00527,Billing request,"Hello support, my billing amount is incorrect. Please help me resolve this today.",Billing Inquiry,Critical,Pending,Phone,2024-03-20T11:00:00,12,4,True
SYN-00070,Device help,"Hello support, my device stopped working. Please help me resolve this soon.",Technical Issue,Medium,Closed,Chat,2024-04-24T19:00:00,4,3,True
SYN-01855,Support question,"Hello support, my support where can I find help. Please help me resolve this today.",General Support,High,Closed,Phone,2024-11-20T02:00:00,109,3,True
SYN-01657,Shipment help,"Hello support, my shipment went to wrong address. Please help me resolve this when possible.",Shipping Issue,Critical,Resolved,Chat,2024-06-15T03:00:00,52,4,True
SYN-00712,Verification help,"Hello support, my verification code never arrived. Please help me resolve this when possible.",Account Access,Critical,Pending,Email,2024-04-08T12:00:00,21,2,True
SYN-01769,Shipment help,"Hello support, my shipment tracking is frozen. Please help me resolve this when possible.",Shipping Issue,High,Open,Chat,2024-03-23T01:00:00,53,2,True
SYN-00413,Payment problem,"Hello support, my payment payment was declined. Please help me resolve this today.",Billing Inquiry,Low,Open,Chat,2024-05-25T09:00:00,95,2,True
SYN-00860,Verification problem,"Hello support, my verification account is locked. Please help me resolve this today.",Account Access,Critical,Resolved,Phone,2024-08-10T21:00:00,22,4,True
SYN-00183,Screen question,"Hello support, my screen stopped working. Please help me resolve this today.",Technical Issue,Low,Open,Chat,2024-04-17T07:00:00,84,4,True
SYN-01571,Delivery request,"Hello support, my delivery package was damaged. Please help me resolve this today.",Shipping Issue,High,Pending,Phone,2024-10-01T15:00:00,14,3,True
SYN-00922,Return question,"Hello support, my return cancel this order. Please help me resolve this when possible.",Refund Request,Low,Pending,Web,2024-10-28T05:00:00,81,4,True
SYN-01215,Product problem,"Hello support, my product want to compare options. Please help me resolve this soon.",Product Inquiry,Low,Resolved,Phone,2024-11-21T07:00:00,15,5,True
SYN-00918,Return problem,"Hello support, my return refund is missing. Please help me resolve this today.",Refund Request,Critical,Open,Web,2024-04-04T00:00:00,26,5,True
SYN-01173,Refund question,"Hello support, my refund return was approved. Please help me resolve this when possible.",Refund Request,High,Closed,Phone,2024-06-28T17:00:00,57,4,True
SYN-00610,Locked problem,"Hello support, my locked reset link expired. Please help me resolve this soon.",Account Access,Critical,Open,Email,2024-03-11T00:00:00,93,3,True
SYN-01767,Courier request,"Hello support, my courier has not arrived. Please help me resolve this soon.",Shipping Issue,Medium,Resolved,Phone,2024-03-21T11:00:00,53,1,True
SYN-01891,Question request,"Hello support, my question need some assistance. Please help me resolve this soon.",General Support,Low,Resolved,Email,2024-04-04T22:00:00,39,4,True
SYN-00892,Password request,"Hello support, my password account is locked. Please help me resolve this today.",Account Access,Medium,Open,Chat,2024-10-16T07:00:00,71,3,True
SYN-01562,Delivery question,"Hello support, my delivery went to wrong address. Please help me resolve this today.",Shipping Issue,Critical,Resolved,Email,2024-11-27T21:00:00,46,4,True
SYN-01363,Product question,"Hello support, my product is this supported. Please help me resolve this soon.",Product Inquiry,Critical,Resolved,Web,2024-09-15T09:00:00,34,3,True
SYN-01632,Courier question,"Hello support, my courier went to wrong address. Please help me resolve this today.",Shipping Issue,Medium,Open,Phone,2024-11-12T16:00:00,71,2,True
SYN-02038,Contact request,"Hello support, my contact where can I find help. Please help me resolve this today.",General Support,Low,Closed,Phone,2024-01-19T10:00:00,88,2,True
SYN-00628,Locked question,"Hello support, my locked code never arrived. Please help me resolve this today.",Account Access,High,Open,Email,2024-10-16T07:00:00,17,5,True
SYN-00811,Verification help,"Hello support, my verification reset link expired. Please help me resolve this today.",Account Access,Critical,Closed,Email,2024-01-30T09:00:00,39,1,True
SYN-00951,Money problem,"Hello support, my money refund is missing. Please help me resolve this soon.",Refund Request,Low,Open,Web,2024-04-15T01:00:00,83,5,True
SYN-01150,Money problem,"Hello support, my money cancel this order. Please help me resolve this when possible.",Refund Request,Critical,Closed,Chat,2024-05-06T05:00:00,13,3,True
SYN-00862,Verification question,"Hello support, my verification cannot sign in. Please help me resolve this soon.",Account Access,Medium,Resolved,Phone,2024-10-10T11:00:00,18,3,True
SYN-00288,Update question,"Hello support, my update stopped working. Please help me resolve this soon.",Technical Issue,Critical,Pending,Phone,2024-07-19T08:00:00,15,5,True
SYN-01948,Guidance help,"Hello support, my guidance have a general question. Please help me resolve this today.",General Support,High,Closed,Web,2024-07-28T14:00:00,6,2,True
SYN-00103,Update problem,"Hello support, my update will not start. Please help me resolve this today.",Technical Issue,High,Open,Phone,2024-08-24T21:00:00,39,3,True
SYN-01457,Compatible request,"Hello support, my compatible want to compare options. Please help me resolve this today.",Product Inquiry,Low,Resolved,Chat,2024-08-09T03:00:00,104,1,True
SYN-00015,Device help,"Hello support, my device keeps failing. Please help me resolve this today.",Technical Issue,Low,Resolved,Phone,2024-07-23T10:00:00,42,2,True
SYN-00983,Cancel question,"Hello support, my cancel refund is missing. Please help me resolve this soon.",Refund Request,Medium,Closed,Email,2024-05-13T11:00:00,10,2,True
SYN-00582,Card help,"Hello support, my card amount is incorrect. Please help me resolve this soon.",Billing Inquiry,Low,Pending,Web,2024-06-26T17:00:00,14,1,True
SYN-00935,Cancel request,"Hello support, my cancel want my money back. Please help me resolve this soon.",Refund Request,High,Closed,Email,2024-01-23T23:00:00,114,5,True
SYN-01962,Question request,"Hello support, my question where can I find help. Please help me resolve this today.",General Support,High,Resolved,Phone,2024-11-29T02:00:00,91,5,True
SYN-01154,Money request,"Hello support, my money return was approved. Please help me resolve this soon.",Refund Request,High,Resolved,Email,2024-02-28T09:00:00,101,1,True
SYN-00580,Charged problem,"Hello support, my charged was charged twice. Please help me resolve this today.",Billing Inquiry,Critical,Closed,Phone,2024-09-15T15:00:00,27,4,True
SYN-00558,Billing question,"Hello support, my billing amount is incorrect. Please help me resolve this soon.",Billing Inquiry,Medium,Pending,Phone,2024-03-16T19:00:00,56,1,True
SYN-02002,Contact problem,"Hello support, my contact where can I find help. Please help me resolve this today.",General Support,Critical,Resolved,Phone,2024-04-01T16:00:00,12,1,True
SYN-00996,Purchase help,"Hello support, my purchase cancel this order. Please help me resolve this today.",Refund Request,Critical,Resolved,Phone,2024-08-12T23:00:00,69,5,True
SYN-00715,Account question,"Hello support, my account code never arrived. Please help me resolve this when possible.",Account Access,High,Closed,Web,2024-01-15T09:00:00,106,2,True
SYN-01770,Delivery problem,"Hello support, my delivery has not arrived. Please help me resolve this today.",Shipping Issue,Critical,Resolved,Email,2024-04-01T09:00:00,103,5,True
SYN-00049,Error request,"Hello support, my error shows an error. Please help me resolve this today.",Technical Issue,Low,Open,Chat,2024-03-17T16:00:00,104,4,True
SYN-00721,Account request,"Hello support, my account cannot sign in. Please help me resolve this today.",Account Access,Medium,Resolved,Phone,2024-06-24T09:00:00,25,3,True
SYN-00142,Crash help,"Hello support, my crash keeps failing. Please help me resolve this today.",Technical Issue,Medium,Closed,Chat,2024-06-18T18:00:00,96,5,True
SYN-01201,Upgrade problem,"Hello support, my upgrade need more information. Please help me resolve this when possible.",Product Inquiry,Critical,Resolved,Email,2024-07-05T08:00:00,90,1,True
SYN-01911,Guidance question,"Hello support, my guidance where can I find help. Please help me resolve this when possible.",General Support,Low,Resolved,Web,2024-05-05T19:00:00,55,5,True
SYN-01693,Shipment help,"Hello support, my shipment went to wrong address. Please help me resolve this today.",Shipping Issue,High,Resolved,Email,2024-07-02T21:00:00,97,4,True
SYN-02063,Guidance problem,"Hello support, my guidance have a general question. Please help me resolve this when possible.",General Support,Critical,Open,Phone,2024-01-24T01:00:00,46,5,True
SYN-00297,Screen question,"Hello support, my screen keeps failing. Please help me resolve this today.",Technical Issue,Critical,Open,Chat,2024-06-02T12:00:00,34,2,True
SYN-01898,Help question,"Hello support, my help need some assistance. Please help me resolve this when possible.",General Support,Critical,Pending,Chat,2024-06-01T09:00:00,18,5,True
SYN-00478,Charged help,"Hello support, my charged amount is incorrect. Please help me resolve this today.",Billing Inquiry,Low,Pending,Web,2024-01-06T15:00:00,26,5,True
SYN-00373,Charged request,"Hello support, my charged was charged twice. Please help me resolve this today.",Billing Inquiry,Critical,Open,Web,2024-10-02T22:00:00,25,2,True
SYN-00686,Verification help,"Hello support, my verification cannot sign in. Please help me resolve this soon.",Account Access,Low,Closed,Web,2024-05-25T07:00:00,68,2,True
SYN-01305,Plan request,"Hello support, my plan want to compare options. Please help me resolve this soon.",Product Inquiry,Medium,Pending,Phone,2024-01-28T17:00:00,113,1,True
SYN-01185,Money request,"Hello support, my money refund is missing. Please help me resolve this today.",Refund Request,High,Closed,Email,2024-10-04T16:00:00,55,5,True
SYN-01485,Plan help,"Hello support, my plan need more information. Please help me resolve this today.",Product Inquiry,Low,Open,Web,2024-08-31T17:00:00,27,2,True
SYN-01377,Product request,"Hello support, my product is this supported. Please help me resolve this when possible.",Product Inquiry,Critical,Resolved,Email,2024-02-04T02:00:00,70,5,True
SYN-01050,Return help,"Hello support, my return want my money back. Please help me resolve this soon.",Refund Request,Low,Open,Email,2024-07-24T22:00:00,13,1,True
SYN-00064,Crash question,"Hello support, my crash will not start. Please help me resolve this soon.",Technical Issue,Medium,Open,Chat,2024-06-07T17:00:00,90,3,True
SYN-00386,Payment problem,"Hello support, my payment need a receipt. Please help me resolve this soon.",Billing Inquiry,Medium,Pending,Email,2024-06-24T04:00:00,3,2,True
SYN-01621,Package request,"Hello support, my package went to wrong address. Please help me resolve this soon.",Shipping Issue,High,Pending,Chat,2024-10-25T13:00:00,37,3,True
SYN-00674,Login request,"Hello support, my login cannot sign in. Please help me resolve this soon.",Account Access,Medium,Resolved,Email,2024-07-30T06:00:00,47,2,True
SYN-00783,Verification help,"Hello support, my verification reset link expired. Please help me resolve this when possible.",Account Access,Medium,Closed,Web,2024-10-24T10:00:00,42,5,True
SYN-01577,Package question,"Hello support, my package package was damaged. Please help me resolve this today.",Shipping Issue,Low,Resolved,Chat,2024-08-11T02:00:00,3,3,True
SYN-01875,Help help,"Hello support, my help need some assistance. Please help me resolve this soon.",General Support,Critical,Pending,Chat,2024-06-26T08:00:00,32,5,True
SYN-01717,Package question,"Hello support, my package package was damaged. Please help me resolve this soon.",Shipping Issue,Low,Pending,Email,2024-02-01T17:00:00,85,1,True
SYN-01235,Product request,"Hello support, my product which plan includes it. Please help me resolve this soon.",Product Inquiry,Critical,Resolved,Email,2024-09-12T09:00:00,15,3,True
SYN-00237,Crash problem,"Hello support, my crash keeps failing. Please help me resolve this today.",Technical Issue,Low,Closed,Web,2024-06-01T09:00:00,77,2,True
SYN-00416,Charged request,"Hello support, my charged amount is incorrect. Please help me resolve this today.",Billing Inquiry,Critical,Closed,Web,2024-11-17T16:00:00,109,2,True
SYN-00633,Password help,"Hello support, my password code never arrived. Please help me resolve this when possible.",Account Access,Medium,Closed,Web,2024-10-20T14:00:00,59,5,True
SYN-01961,Contact problem,"Hello support, my contact need some assistance. Please help me resolve this today.",General Support,Critical,Pending,Web,2024-05-24T04:00:00,88,3,True
SYN-01431,Compatible request,"Hello support, my compatible which plan includes it. Please help me resolve this when possible.",Product Inquiry,Low,Resolved,Chat,2024-06-28T09:00:00,77,5,True
SYN-01677,Delivery help,"Hello support, my delivery has not arrived. Please help me resolve this soon.",Shipping Issue,Low,Pending,Email,2024-02-21T05:00:00,70,1,True
SYN-01403,Compatible question,"Hello support, my compatible which plan includes it. Please help me resolve this when possible.",Product Inquiry,Critical,Pending,Phone,2024-10-19T00:00:00,29,5,True
SYN-01972,Help problem,"Hello support, my help have a general question. Please help me resolve this today.",General Support,High,Resolved,Web,2024-04-05T21:00:00,91,1,True
SYN-00426,Invoice question,"Hello support, my invoice payment was declined. Please help me resolve this when possible.",Billing Inquiry,High,Open,Email,2024-05-01T05:00:00,107,2,True
SYN-01306,Product request,"Hello support, my product which plan includes it. Please help me resolve this when possible.",Product Inquiry,High,Closed,Chat,2024-03-01T18:00:00,36,2,True
SYN-00486,Billing help,"Hello support, my billing was charged twice. Please help me resolve this soon.",Billing Inquiry,Low,Pending,Web,2024-02-04T05:00:00,28,1,True
SYN-01974,Question problem,"Hello support, my question please contact me. Please help me resolve this soon.",General Support,Critical,Pending,Web,2024-05-31T13:00:00,120,3,True
SYN-00861,Account question,"Hello support, my account reset link expired. Please help me resolve this today.",Account Access,Medium,Open,Phone,2024-07-18T17:00:00,108,1,True
SYN-01116,Refund problem,"Hello support, my refund return was approved. Please help me resolve this today.",Refund Request,Critical,Open,Email,2024-08-02T03:00:00,3,2,True
SYN-01329,Product question,"Hello support, my product need more information. Please help me resolve this when possible.",Product Inquiry,Low,Closed,Phone,2024-04-13T09:00:00,55,4,True
SYN-00974,Return help,"Hello support, my return want my money back. Please help me resolve this when possible.",Refund Request,Critical,Closed,Chat,2024-08-07T19:00:00,44,2,True
SYN-01274,Upgrade question,"Hello support, my upgrade need more information. Please help me resolve this today.",Product Inquiry,Low,Open,Chat,2024-08-07T09:00:00,40,2,True
SYN-01096,Refund question,"Hello support, my refund refund is missing. Please help me resolve this today.",Refund Request,Medium,Resolved,Web,2024-04-26T17:00:00,97,4,True
SYN-01087,Purchase question,"Hello support, my purchase return was approved. Please help me resolve this soon.",Refund Request,Low,Closed,Web,2024-05-30T11:00:00,47,3,True
SYN-01182,Purchase help,"Hello support, my purchase cancel this order. Please help me resolve this when possible.",Refund Request,Low,Closed,Chat,2024-10-07T11:00:00,79,1,True
SYN-01425,Compatible help,"Hello support, my compatible want to compare options. Please help me resolve this soon.",Product Inquiry,High,Pending,Web,2024-04-20T02:00:00,2,4,True
SYN-00695,Locked question,"Hello support, my locked cannot sign in. Please help me resolve this soon.",Account Access,High,Open,Chat,2024-06-09T11:00:00,91,4,True
SYN-00943,Money help,"Hello support, my money want my money back. Please help me resolve this today.",Refund Request,Medium,Open,Chat,2024-01-23T01:00:00,112,2,True
SYN-00058,Screen help,"Hello support, my screen stopped working. Please help me resolve this when possible.",Technical Issue,Medium,Closed,Chat,2024-10-18T07:00:00,115,3,True
SYN-01910,Question problem,"Hello support, my question please contact me. Please help me resolve this today.",General Support,Low,Resolved,Web,2024-01-12T01:00:00,32,4,True
SYN-01383,Compatible question,"Hello support, my compatible which plan includes it. Please help me resolve this when possible.",Product Inquiry,Critical,Open,Phone,2024-06-20T06:00:00,40,5,True
SYN-01813,Question request,"Hello support, my question please contact me. Please help me resolve this today.",General Support,High,Resolved,Email,2024-05-16T01:00:00,70,1,True
SYN-01688,Shipment question,"Hello support, my shipment went to wrong address. Please help me resolve this when possible.",Shipping Issue,Critical,Resolved,Chat,2024-06-02T11:00:00,18,1,True
SYN-00897,Login help,"Hello support, my login account is locked. Please help me resolve this today.",Account Access,Low,Closed,Email,2024-10-24T22:00:00,17,2,True
SYN-00271,Update request,"Hello support, my update keeps failing. Please help me resolve this when possible.",Technical Issue,Critical,Pending,Web,2024-05-03T06:00:00,33,1,True
SYN-00380,Payment problem,"Hello support, my payment need a receipt. Please help me resolve this today.",Billing Inquiry,Critical,Pending,Web,2024-07-25T11:00:00,83,4,True
SYN-01578,Shipment problem,"Hello support, my shipment tracking is frozen. Please help me resolve this soon.",Shipping Issue,Medium,Open,Email,2024-02-11T01:00:00,118,1,True
SYN-01233,Upgrade problem,"Hello support, my upgrade want to compare options. Please help me resolve this when possible.",Product Inquiry,Low,Closed,Web,2024-07-02T23:00:00,94,3,True
SYN-01635,Package question,"Hello support, my package has not arrived. Please help me resolve this soon.",Shipping Issue,Critical,Closed,Chat,2024-01-02T01:00:00,31,2,True
SYN-00164,Error request,"Hello support, my error shows an error. Please help me resolve this soon.",Technical Issue,Low,Pending,Web,2024-06-02T08:00:00,116,3,True
SYN-00474,Card problem,"Hello support, my card was charged twice. Please help me resolve this when possible.",Billing Inquiry,Medium,Open,Chat,2024-02-15T23:00:00,81,3,True
SYN-02045,Support request,"Hello support, my support please contact me. Please help me resolve this soon.",General Support,Low,Resolved,Email,2024-02-13T00:00:00,5,1,True
SYN-01005,Cancel problem,"Hello support, my cancel cancel this order. Please help me resolve this today.",Refund Request,Medium,Resolved,Web,2024-07-07T06:00:00,35,2,True
SYN-00874,Login problem,"Hello support, my login code never arrived. Please help me resolve this when possible.",Account Access,Low,Pending,Web,2024-03-07T10:00:00,43,1,True
SYN-00338,Payment problem,"Hello support, my payment need a receipt. Please help me resolve this today.",Billing Inquiry,Medium,Resolved,Email,2024-03-31T10:00:00,110,2,True
SYN-00152,Device request,"Hello support, my device keeps failing. Please help me resolve this soon.",Technical Issue,Critical,Pending,Email,2024-06-02T12:00:00,117,4,True
SYN-00442,Charged question,"Hello support, my charged payment was declined. Please help me resolve this soon.",Billing Inquiry,High,Open,Phone,2024-07-22T17:00:00,7,5,True
SYN-00972,Refund problem,"Hello support, my refund want my money back. Please help me resolve this today.",Refund Request,High,Closed,Phone,2024-05-28T10:00:00,92,2,True
SYN-01072,Refund request,"Hello support, my refund refund is missing. Please help me resolve this soon.",Refund Request,Low,Pending,Web,2024-11-20T15:00:00,17,2,True
SYN-01727,Package request,"Hello support, my package tracking is frozen. Please help me resolve this when possible.",Shipping Issue,Low,Resolved,Phone,2024-06-01T14:00:00,19,4,True
SYN-00075,Error request,"Hello support, my error shows an error. Please help me resolve this today.",Technical Issue,Medium,Closed,Phone,2024-02-10T19:00:00,96,5,True
SYN-00832,Locked help,"Hello support, my locked reset link expired. Please help me resolve this when possible.",Account Access,Medium,Closed,Phone,2024-08-27T00:00:00,52,4,True
SYN-00930,Refund help,"Hello support, my refund want my money back. Please help me resolve this today.",Refund Request,Medium,Resolved,Chat,2024-01-17T14:00:00,99,2,True
SYN-01326,Plan help,"Hello support, my plan want to compare options. Please help me resolve this today.",Product Inquiry,High,Closed,Chat,2024-08-18T11:00:00,106,2,True
SYN-01161,Purchase request,"Hello support, my purchase want my money back. Please help me resolve this when possible.",Refund Request,Medium,Resolved,Web,2024-02-20T11:00:00,53,1,True
SYN-01090,Money help,"Hello support, my money refund is missing. Please help me resolve this today.",Refund Request,Low,Pending,Email,2024-08-07T07:00:00,69,4,True
SYN-00948,Refund request,"Hello support, my refund cancel this order. Please help me resolve this when possible.",Refund Request,Medium,Resolved,Web,2024-07-22T03:00:00,69,4,True
SYN-00827,Verification request,"Hello support, my verification account is locked. Please help me resolve this today.",Account Access,High,Resolved,Web,2024-04-07T21:00:00,65,3,True
SYN-01271,Product help,"Hello support, my product is this supported. Please help me resolve this soon.",Product Inquiry,High,Closed,Email,2024-02-04T00:00:00,34,2,True
SYN-00881,Locked problem,"Hello support, my locked cannot sign in. Please help me resolve this soon.",Account Access,High,Pending,Email,2024-04-25T22:00:00,84,1,True
SYN-01468,Feature help,"Hello support, my feature which plan includes it. Please help me resolve this when possible.",Product Inquiry,Critical,Closed,Web,2024-01-31T09:00:00,13,4,True
SYN-01540,Shipment help,"Hello support, my shipment package was damaged. Please help me resolve this soon.",Shipping Issue,Low,Pending,Phone,2024-02-22T02:00:00,19,4,True
SYN-00499,Payment problem,"Hello support, my payment was charged twice. Please help me resolve this today.",Billing Inquiry,Critical,Open,Email,2024-09-22T21:00:00,14,4,True
SYN-01171,Money request,"Hello support, my money cancel this order. Please help me resolve this when possible.",Refund Request,Medium,Resolved,Chat,2024-10-01T13:00:00,75,4,True
SYN-00414,Payment question,"Hello support, my payment payment was declined. Please help me resolve this when possible.",Billing Inquiry,Low,Resolved,Phone,2024-11-01T07:00:00,57,2,True
SYN-00151,Update question,"Hello support, my update stopped working. Please help me resolve this soon.",Technical Issue,Low,Open,Web,2024-01-13T20:00:00,8,4,True
SYN-00630,Verification request,"Hello support, my verification code never arrived. Please help me resolve this when possible.",Account Access,Medium,Closed,Chat,2024-05-28T13:00:00,70,2,True
SYN-00307,Charged question,"Hello support, my charged payment was declined. Please help me resolve this today.",Billing Inquiry,High,Resolved,Email,2024-02-24T06:00:00,112,3,True
SYN-01881,Support request,"Hello support, my support have a general question. Please help me resolve this when possible.",General Support,Critical,Pending,Email,2024-02-28T21:00:00,20,4,True
SYN-01356,Compatible problem,"Hello support, my compatible which plan includes it. Please help me resolve this today.",Product Inquiry,Medium,Closed,Web,2024-02-15T06:00:00,38,2,True
SYN-01493,Compatible problem,"Hello support, my compatible need more information. Please help me resolve this today.",Product Inquiry,Medium,Open,Web,2024-06-09T01:00:00,62,2,True
SYN-00279,Error help,"Hello support, my error keeps failing. Please help me resolve this soon.",Technical Issue,Critical,Open,Email,2024-07-11T05:00:00,83,1,True
SYN-00197,Update problem,"Hello support, my update will not start. Please help me resolve this soon.",Technical Issue,Medium,Closed,Email,2024-09-16T15:00:00,48,3,True
SYN-01017,Cancel problem,"Hello support, my cancel return was approved. Please help me resolve this today.",Refund Request,Critical,Closed,Chat,2024-05-17T05:00:00,46,1,True
SYN-01336,Product help,"Hello support, my product is this supported. Please help me resolve this today.",Product Inquiry,Low,Resolved,Phone,2024-11-09T14:00:00,106,1,True
SYN-01276,Plan question,"Hello support, my plan want to compare options. Please help me resolve this today.",Product Inquiry,Low,Resolved,Web,2024-04-16T07:00:00,95,1,True
SYN-00146,Device help,"Hello support, my device stopped working. Please help me resolve this soon.",Technical Issue,High,Pending,Phone,2024-06-27T20:00:00,11,2,True
SYN-00031,Device request,"Hello support, my device keeps failing. Please help me resolve this when possible.",Technical Issue,High,Pending,Phone,2024-01-26T00:00:00,69,1,True
SYN-01366,Plan request,"Hello support, my plan is this supported. Please help me resolve this today.",Product Inquiry,High,Closed,Phone,2024-09-10T20:00:00,104,2,True
SYN-01907,Help help,"Hello support, my help please contact me. Please help me resolve this today.",General Support,Critical,Resolved,Email,2024-07-28T15:00:00,21,2,True
SYN-01874,Question problem,"Hello support, my question have a general question. Please help me resolve this when possible.",General Support,High,Open,Email,2024-10-26T22:00:00,108,4,True
SYN-00346,Billing help,"Hello support, my billing amount is incorrect. Please help me resolve this today.",Billing Inquiry,Critical,Pending,Chat,2024-01-30T22:00:00,36,5,True
SYN-01843,Question help,"Hello support, my question where can I find help. Please help me resolve this today.",General Support,Medium,Open,Web,2024-06-01T18:00:00,50,3,True
SYN-00038,Device request,"Hello support, my device stopped working. Please help me resolve this today.",Technical Issue,Medium,Pending,Web,2024-11-28T09:00:00,80,1,True
SYN-00281,Device help,"Hello support, my device will not start. Please help me resolve this today.",Technical Issue,High,Closed,Email,2024-04-27T17:00:00,4,1,True
SYN-01662,Package question,"Hello support, my package package was damaged. Please help me resolve this soon.",Shipping Issue,High,Open,Email,2024-04-28T10:00:00,80,4,True
SYN-00002,Update request,"Hello support, my update keeps failing. Please help me resolve this today.",Technical Issue,Low,Pending,Web,2024-01-11T04:00:00,12,2,True
SYN-01646,Delivery help,"Hello support, my delivery tracking is frozen. Please help me resolve this soon.",Shipping Issue,Medium,Pending,Email,2024-04-08T09:00:00,71,2,True
SYN-00978,Money help,"Hello support, my money want my money back. Please help me resolve this soon.",Refund Request,Medium,Resolved,Chat,2024-07-02T17:00:00,110,4,True
SYN-00124,Error request,"Hello support, my error keeps failing. Please help me resolve this when possible.",Technical Issue,High,Open,Chat,2024-05-02T06:00:00,102,3,True
SYN-02097,Support problem,"Hello support, my support have a general question. Please help me resolve this soon.",General Support,Medium,Closed,Email,2024-03-22T18:00:00,48,3,True
SYN-01649,Courier problem,"Hello support, my courier has not arrived. Please help me resolve this soon.",Shipping Issue,Medium,Pending,Email,2024-06-19T23:00:00,65,4,True
SYN-00733,Login help,"Hello support, my login reset link expired. Please help me resolve this soon.",Account Access,Medium,Pending,Web,2024-10-11T22:00:00,46,1,True
SYN-01018,Purchase help,"Hello support, my purchase return was approved. Please help me resolve this today.",Refund Request,Medium,Resolved,Chat,2024-05-20T04:00:00,16,4,True
SYN-01121,Return request,"Hello support, my return want my money back. Please help me resolve this today.",Refund Request,High,Open,Chat,2024-07-01T22:00:00,3,1,True
SYN-00924,Cancel help,"Hello support, my cancel return was approved. Please help me resolve this today.",Refund Request,Low,Closed,Web,2024-06-21T17:00:00,6,3,True
SYN-00658,Verification help,"Hello support, my verification cannot sign in. Please help me resolve this soon.",Account Access,Critical,Closed,Email,2024-06-24T22:00:00,91,5,True
SYN-01211,Product problem,"Hello support, my product want to compare options. Please help me resolve this today.",Product Inquiry,High,Pending,Web,2024-08-12T10:00:00,16,3,True
SYN-00434,Card help,"Hello support, my card need a receipt. Please help me resolve this when possible.",Billing Inquiry,High,Closed,Email,2024-07-17T22:00:00,74,5,True
SYN-01214,Compatible request,"Hello support, my compatible is this supported. Please help me resolve this today.",Product Inquiry,High,Pending,Email,2024-04-14T02:00:00,95,2,True
SYN-00770,Login question,"Hello support, my login code never arrived. Please help me resolve this soon.",Account Access,Low,Pending,Phone,2024-11-12T14:00:00,118,2,True
SYN-01991,Support problem,"Hello support, my support where can I find help. Please help me resolve this when possible.",General Support,Critical,Resolved,Chat,2024-03-20T09:00:00,5,3,True
SYN-01181,Money problem,"Hello support, my money refund is missing. Please help me resolve this soon.",Refund Request,Critical,Closed,Chat,2024-01-19T23:00:00,119,2,True
SYN-01923,Contact question,"Hello support, my contact need some assistance. Please help me resolve this soon.",General Support,Critical,Closed,Email,2024-01-11T22:00:00,8,3,True
SYN-01374,Feature problem,"Hello support, my feature which plan includes it. Please help me resolve this when possible.",Product Inquiry,Medium,Open,Chat,2024-07-07T09:00:00,36,5,True
SYN-01167,Return problem,"Hello support, my return cancel this order. Please help me resolve this today.",Refund Request,Critical,Resolved,Email,2024-10-08T18:00:00,76,4,True
SYN-01849,Question question,"Hello support, my question please contact me. Please help me resolve this soon.",General Support,Medium,Closed,Web,2024-10-17T23:00:00,48,5,True
SYN-01797,Package request,"Hello support, my package has not arrived. Please help me resolve this soon.",Shipping Issue,Low,Closed,Web,2024-10-06T00:00:00,56,4,True
SYN-00878,Login problem,"Hello support, my login code never arrived. Please help me resolve this today.",Account Access,Low,Closed,Email,2024-04-16T22:00:00,114,3,True
SYN-00676,Account question,"Hello support, my account account is locked. Please help me resolve this soon.",Account Access,Critical,Open,Email,2024-03-12T12:00:00,56,1,True
SYN-00701,Account problem,"Hello support, my account account is locked. Please help me resolve this today.",Account Access,High,Resolved,Web,2024-09-19T17:00:00,109,2,True
SYN-01379,Product request,"Hello support, my product which plan includes it. Please help me resolve this soon.",Product Inquiry,Critical,Resolved,Phone,2024-06-17T03:00:00,81,3,True
SYN-01570,Delivery help,"Hello support, my delivery went to wrong address. Please help me resolve this when possible.",Shipping Issue,Critical,Pending,Chat,2024-06-03T03:00:00,4,1,True
SYN-01836,Question request,"Hello support, my question need some assistance. Please help me resolve this today.",General Support,Medium,Resolved,Phone,2024-08-12T21:00:00,108,2,True
SYN-00159,Crash problem,"Hello support, my crash shows an error. Please help me resolve this when possible.",Technical Issue,Low,Resolved,Chat,2024-10-15T05:00:00,101,5,True
SYN-00148,Error request,"Hello support, my error shows an error. Please help me resolve this when possible.",Technical Issue,Low,Pending,Web,2024-03-08T08:00:00,23,4,True
SYN-00549,Card question,"Hello support, my card need a receipt. Please help me resolve this when possible.",Billing Inquiry,High,Resolved,Web,2024-11-14T15:00:00,46,4,True
SYN-01476,Upgrade help,"Hello support, my upgrade is this supported. Please help me resolve this today.",Product Inquiry,Medium,Resolved,Web,2024-11-03T06:00:00,13,5,True
SYN-00877,Account help,"Hello support, my account reset link expired. Please help me resolve this today.",Account Access,Critical,Open,Email,2024-11-18T01:00:00,10,1,True
SYN-02010,Help problem,"Hello support, my help please contact me. Please help me resolve this soon.",General Support,High,Resolved,Phone,2024-11-14T23:00:00,18,1,True
SYN-00755,Verification problem,"Hello support, my verification reset link expired. Please help me resolve this when possible.",Account Access,Low,Resolved,Phone,2024-08-01T04:00:00,96,1,True
SYN-00138,Device request,"Hello support, my device keeps failing. Please help me resolve this today.",Technical Issue,Low,Open,Phone,2024-10-28T12:00:00,7,4,True
SYN-01773,Tracking help,"Hello support, my tracking has not arrived. Please help me resolve this when possible.",Shipping Issue,High,Pending,Phone,2024-02-18T07:00:00,90,4,True
SYN-01283,Plan help,"Hello support, my plan is this supported. Please help me resolve this today.",Product Inquiry,High,Closed,Chat,2024-02-26T01:00:00,68,2,True
SYN-01949,Guidance problem,"Hello support, my guidance where can I find help. Please help me resolve this soon.",General Support,Low,Open,Email,2024-07-24T11:00:00,74,3,True
SYN-01637,Courier help,"Hello support, my courier went to wrong address. Please help me resolve this soon.",Shipping Issue,High,Resolved,Email,2024-03-11T00:00:00,113,4,True
SYN-02049,Help help,"Hello support, my help need some assistance. Please help me resolve this soon.",General Support,High,Open,Chat,2024-07-05T14:00:00,50,4,True
SYN-01165,Cancel help,"Hello support, my cancel cancel this order. Please help me resolve this when possible.",Refund Request,Medium,Closed,Chat,2024-02-07T14:00:00,2,5,True
SYN-00515,Charged problem,"Hello support, my charged need a receipt. Please help me resolve this soon.",Billing Inquiry,Low,Open,Web,2024-02-05T03:00:00,13,5,True
SYN-00653,Account question,"Hello support, my account code never arrived. Please help me resolve this soon.",Account Access,Medium,Open,Phone,2024-08-24T06:00:00,116,1,True
SYN-00741,Verification problem,"Hello support, my verification reset link expired. Please help me resolve this today.",Account Access,Low,Open,Web,2024-08-02T11:00:00,18,1,True
SYN-00093,Error problem,"Hello support, my error will not start. Please help me resolve this when possible.",Technical Issue,Critical,Open,Chat,2024-04-16T01:00:00,71,1,True
SYN-00976,Cancel help,"Hello support, my cancel return was approved. Please help me resolve this when possible.",Refund Request,Low,Resolved,Email,2024-10-18T06:00:00,41,5,True
SYN-01620,Courier problem,"Hello support, my courier tracking is frozen. Please help me resolve this when possible.",Shipping Issue,Critical,Resolved,Email,2024-06-09T04:00:00,44,3,True
SYN-00567,Payment question,"Hello support, my payment was charged twice. Please help me resolve this today.",Billing Inquiry,Critical,Open,Email,2024-09-26T09:00:00,90,4,True
SYN-01497,Feature request,"Hello support, my feature is this supported. Please help me resolve this soon.",Product Inquiry,Critical,Open,Web,2024-03-03T19:00:00,81,1,True
SYN-00643,Locked request,"Hello support, my locked cannot sign in. Please help me resolve this when possible.",Account Access,Medium,Closed,Web,2024-04-27T00:00:00,11,4,True
SYN-00130,Error help,"Hello support, my error stopped working. Please help me resolve this soon.",Technical Issue,Critical,Open,Phone,2024-04-25T16:00:00,106,4,True
SYN-00791,Login help,"Hello support, my login code never arrived. Please help me resolve this soon.",Account Access,Critical,Open,Chat,2024-05-01T16:00:00,91,1,True
SYN-00749,Verification question,"Hello support, my verification account is locked. Please help me resolve this today.",Account Access,Medium,Pending,Chat,2024-05-01T23:00:00,53,3,True
SYN-01346,Compatible question,"Hello support, my compatible which plan includes it. Please help me resolve this soon.",Product Inquiry,Critical,Open,Chat,2024-04-13T18:00:00,38,5,True
SYN-00970,Return problem,"Hello support, my return return was approved. Please help me resolve this today.",Refund Request,Critical,Open,Phone,2024-10-23T21:00:00,67,5,True
SYN-01475,Feature question,"Hello support, my feature need more information. Please help me resolve this soon.",Product Inquiry,Low,Resolved,Chat,2024-10-02T12:00:00,120,5,True
SYN-01941,Guidance problem,"Hello support, my guidance please contact me. Please help me resolve this soon.",General Support,Low,Closed,Email,2024-03-19T06:00:00,92,3,True
SYN-01170,Return problem,"Hello support, my return refund is missing. Please help me resolve this soon.",Refund Request,High,Resolved,Chat,2024-05-24T05:00:00,52,5,True
SYN-01784,Tracking problem,"Hello support, my tracking has not arrived. Please help me resolve this when possible.",Shipping Issue,Low,Open,Web,2024-10-28T04:00:00,53,3,True
SYN-00818,Password help,"Hello support, my password account is locked. Please help me resolve this today.",Account Access,High,Closed,Web,2024-11-10T14:00:00,78,3,True
SYN-01360,Plan problem,"Hello support, my plan want to compare options. Please help me resolve this soon.",Product Inquiry,Critical,Closed,Web,2024-10-09T17:00:00,106,1,True
SYN-00588,Card help,"Hello support, my card was charged twice. Please help me resolve this today.",Billing Inquiry,Medium,Resolved,Chat,2024-05-09T06:00:00,71,2,True
SYN-01607,Delivery question,"Hello support, my delivery package was damaged. Please help me resolve this soon.",Shipping Issue,Critical,Open,Email,2024-06-10T16:00:00,5,1,True
SYN-01850,Contact question,"Hello support, my contact have a general question. Please help me resolve this today.",General Support,Medium,Pending,Phone,2024-02-17T21:00:00,46,4,True
SYN-01823,Question problem,"Hello support, my question have a general question. Please help me resolve this today.",General Support,High,Resolved,Chat,2024-06-03T22:00:00,30,2,True
SYN-01354,Upgrade help,"Hello support, my upgrade is this supported. Please help me resolve this when possible.",Product Inquiry,Low,Resolved,Email,2024-02-26T19:00:00,73,5,True
SYN-00822,Account request,"Hello support, my account code never arrived. Please help me resolve this today.",Account Access,Medium,Closed,Phone,2024-02-08T21:00:00,80,3,True
SYN-00358,Charged request,"Hello support, my charged payment was declined. Please help me resolve this soon.",Billing Inquiry,High,Pending,Email,2024-09-11T09:00:00,10,3,True
SYN-00790,Password request,"Hello support, my password cannot sign in. Please help me resolve this when possible.",Account Access,Critical,Closed,Email,2024-06-09T12:00:00,34,4,True
SYN-01587,Courier question,"Hello support, my courier went to wrong address. Please help me resolve this soon.",Shipping Issue,Critical,Closed,Chat,2024-10-29T00:00:00,18,1,True
SYN-00451,Card problem,"Hello support, my card amount is incorrect. Please help me resolve this when possible.",Billing Inquiry,Low,Open,Phone,2024-08-06T22:00:00,93,5,True
SYN-00147,Crash request,"Hello support, my crash keeps failing. Please help me resolve this soon.",Technical Issue,High,Pending,Chat,2024-06-30T02:00:00,66,1,True
SYN-01352,Feature request,"Hello support, my feature which plan includes it. Please help me resolve this when possible.",Product Inquiry,Low,Closed,Web,2024-09-17T09:00:00,60,4,True
SYN-00028,Crash problem,"Hello support, my crash will not start. Please help me resolve this when possible.",Technical Issue,Medium,Closed,Email,2024-01-24T09:00:00,77,5,True
SYN-00305,Card help,"Hello support, my card was charged twice. Please help me resolve this soon.",Billing Inquiry,Low,Open,Email,2024-07-12T05:00:00,110,4,True
SYN-00664,Login problem,"Hello support, my login account is locked. Please help me resolve this soon.",Account Access,Low,Pending,Web,2024-09-25T21:00:00,93,5,True
SYN-02096,Guidance help,"Hello support, my guidance where can I find help. Please help me resolve this today.",General Support,Low,Pending,Email,2024-05-15T12:00:00,39,4,True
SYN-01338,Compatible problem,"Hello support, my compatible which plan includes it. Please help me resolve this soon.",Product Inquiry,Low,Pending,Phone,2024-09-03T07:00:00,84,3,True
SYN-02004,Guidance help,"Hello support, my guidance please contact me. Please help me resolve this today.",General Support,Low,Resolved,Chat,2024-09-20T15:00:00,80,4,True
SYN-01582,Tracking question,"Hello support, my tracking went to wrong address. Please help me resolve this today.",Shipping Issue,Medium,Closed,Email,2024-01-09T07:00:00,86,1,True
SYN-02056,Support help,"Hello support, my support have a general question. Please help me resolve this when possible.",General Support,High,Pending,Email,2024-01-02T22:00:00,82,2,True
SYN-02091,Support help,"Hello support, my support please contact me. Please help me resolve this when possible.",General Support,High,Closed,Phone,2024-10-21T18:00:00,60,4,True
SYN-01755,Courier help,"Hello support, my courier has not arrived. Please help me resolve this when possible.",Shipping Issue,Medium,Open,Chat,2024-07-10T04:00:00,62,5,True
SYN-00470,Billing question,"Hello support, my billing payment was declined. Please help me resolve this soon.",Billing Inquiry,Critical,Open,Chat,2024-10-05T22:00:00,112,4,True
SYN-00646,Verification help,"Hello support, my verification account is locked. Please help me resolve this today.",Account Access,High,Closed,Web,2024-02-19T13:00:00,68,3,True
SYN-01371,Product problem,"Hello support, my product want to compare options. Please help me resolve this when possible.",Product Inquiry,Medium,Pending,Phone,2024-07-13T08:00:00,117,1,True
SYN-00995,Purchase request,"Hello support, my purchase cancel this order. Please help me resolve this soon.",Refund Request,Low,Pending,Phone,2024-05-04T02:00:00,70,1,True
SYN-00013,Screen help,"Hello support, my screen shows an error. Please help me resolve this today.",Technical Issue,Critical,Open,Phone,2024-02-08T01:00:00,38,5,True
SYN-00484,Billing help,"Hello support, my billing payment was declined. Please help me resolve this today.",Billing Inquiry,Critical,Closed,Chat,2024-07-27T20:00:00,36,3,True
SYN-01696,Courier help,"Hello support, my courier tracking is frozen. Please help me resolve this today.",Shipping Issue,Critical,Open,Web,2024-01-14T20:00:00,29,1,True
SYN-00215,Screen help,"Hello support, my screen stopped working. Please help me resolve this today.",Technical Issue,Medium,Resolved,Phone,2024-08-11T21:00:00,33,2,True
SYN-00565,Billing request,"Hello support, my billing need a receipt. Please help me resolve this when possible.",Billing Inquiry,Medium,Pending,Phone,2024-01-08T18:00:00,43,5,True
SYN-01008,Money question,"Hello support, my money cancel this order. Please help me resolve this soon.",Refund Request,Critical,Pending,Phone,2024-09-29T13:00:00,60,1,True
SYN-01625,Shipment help,"Hello support, my shipment went to wrong address. Please help me resolve this when possible.",Shipping Issue,High,Closed,Phone,2024-03-24T20:00:00,51,2,True
SYN-01401,Feature question,"Hello support, my feature is this supported. Please help me resolve this soon.",Product Inquiry,Critical,Open,Web,2024-08-09T03:00:00,74,5,True
SYN-00813,Password help,"Hello support, my password reset link expired. Please help me resolve this today.",Account Access,High,Open,Email,2024-04-10T15:00:00,73,4,True
SYN-00557,Card request,"Hello support, my card amount is incorrect. Please help me resolve this soon.",Billing Inquiry,Medium,Pending,Email,2024-04-18T23:00:00,70,4,True
SYN-00114,Screen problem,"Hello support, my screen keeps failing. Please help me resolve this soon.",Technical Issue,Low,Closed,Phone,2024-09-26T21:00:00,51,3,True
SYN-01089,Money problem,"Hello support, my money return was approved. Please help me resolve this today.",Refund Request,Critical,Closed,Email,2024-07-13T14:00:00,52,3,True
SYN-00235,Update request,"Hello support, my update stopped working. Please help me resolve this soon.",Technical Issue,High,Pending,Phone,2024-10-08T00:00:00,30,2,True
SYN-02067,Contact help,"Hello support, my contact have a general question. Please help me resolve this today.",General Support,High,Resolved,Phone,2024-06-22T13:00:00,117,1,True
SYN-01752,Courier request,"Hello support, my courier went to wrong address. Please help me resolve this when possible.",Shipping Issue,Medium,Closed,Web,2024-10-29T13:00:00,58,2,True
SYN-00137,Crash help,"Hello support, my crash will not start. Please help me resolve this soon.",Technical Issue,Medium,Resolved,Phone,2024-05-08T09:00:00,54,3,True
SYN-00502,Billing help,"Hello support, my billing amount is incorrect. Please help me resolve this soon.",Billing Inquiry,Low,Open,Chat,2024-08-26T08:00:00,67,4,True
SYN-01636,Delivery help,"Hello support, my delivery has not arrived. Please help me resolve this soon.",Shipping Issue,Medium,Closed,Web,2024-05-19T10:00:00,92,1,True
SYN-01771,Courier question,"Hello support, my courier has not arrived. Please help me resolve this when possible.",Shipping Issue,Medium,Closed,Web,2024-03-30T07:00:00,81,2,True
SYN-00981,Refund request,"Hello support, my refund cancel this order. Please help me resolve this when possible.",Refund Request,Medium,Open,Chat,2024-02-22T02:00:00,106,4,True
SYN-01479,Feature help,"Hello support, my feature which plan includes it. Please help me resolve this when possible.",Product Inquiry,Medium,Resolved,Phone,2024-11-07T06:00:00,68,2,True
SYN-01619,Package question,"Hello support, my package went to wrong address. Please help me resolve this soon.",Shipping Issue,Critical,Closed,Web,2024-10-12T11:00:00,69,5,True
SYN-01302,Compatible request,"Hello support, my compatible want to compare options. Please help me resolve this when possible.",Product Inquiry,Critical,Pending,Email,2024-01-16T04:00:00,36,3,True
SYN-01707,Delivery help,"Hello support, my delivery tracking is frozen. Please help me resolve this when possible.",Shipping Issue,Critical,Closed,Phone,2024-10-11T20:00:00,85,3,True
SYN-00497,Invoice question,"Hello support, my invoice was charged twice. Please help me resolve this today.",Billing Inquiry,High,Pending,Chat,2024-06-11T15:00:00,41,4,True
SYN-00798,Verification request,"Hello support, my verification account is locked. Please help me resolve this today.",Account Access,High,Closed,Web,2024-08-08T21:00:00,97,3,True
SYN-01921,Help request,"Hello support, my help need some assistance. Please help me resolve this when possible.",General Support,Critical,Pending,Web,2024-04-23T22:00:00,26,3,True
SYN-01344,Plan help,"Hello support, my plan which plan includes it. Please help me resolve this today.",Product Inquiry,Critical,Closed,Chat,2024-04-28T05:00:00,106,5,True
SYN-00762,Password problem,"Hello support, my password reset link expired. Please help me resolve this soon.",Account Access,High,Pending,Email,2024-04-03T02:00:00,18,4,True
SYN-00433,Charged request,"Hello support, my charged payment was declined. Please help me resolve this when possible.",Billing Inquiry,Medium,Resolved,Email,2024-08-22T08:00:00,45,3,True
SYN-00692,Account problem,"Hello support, my account reset link expired. Please help me resolve this when possible.",Account Access,Medium,Pending,Phone,2024-08-09T05:00:00,72,2,True
SYN-01266,Plan request,"Hello support, my plan want to compare options. Please help me resolve this today.",Product Inquiry,Low,Open,Email,2024-03-14T14:00:00,71,5,True
SYN-01682,Package help,"Hello support, my package tracking is frozen. Please help me resolve this soon.",Shipping Issue,High,Resolved,Web,2024-08-25T04:00:00,61,4,True
SYN-01883,Support request,"Hello support, my support have a general question. Please help me resolve this soon.",General Support,High,Resolved,Web,2024-09-26T10:00:00,74,1,True
SYN-00773,Locked problem,"Hello support, my locked account is locked. Please help me resolve this today.",Account Access,Medium,Closed,Chat,2024-06-03T17:00:00,89,1,True
SYN-00118,Error help,"Hello support, my error stopped working. Please help me resolve this when possible.",Technical Issue,Medium,Closed,Email,2024-06-03T20:00:00,48,4,True
SYN-00830,Account help,"Hello support, my account code never arrived. Please help me resolve this today.",Account Access,Critical,Open,Chat,2024-09-20T15:00:00,22,5,True
SYN-00725,Account help,"Hello support, my account account is locked. Please help me resolve this when possible.",Account Access,High,Pending,Phone,2024-02-17T10:00:00,105,1,True
SYN-01504,Package question,"Hello support, my package has not arrived. Please help me resolve this today.",Shipping Issue,Low,Closed,Web,2024-05-27T08:00:00,104,5,True
SYN-00366,Card question,"Hello support, my card need a receipt. Please help me resolve this today.",Billing Inquiry,Critical,Open,Phone,2024-02-22T10:00:00,7,5,True
SYN-00378,Payment help,"Hello support, my payment was charged twice. Please help me resolve this soon.",Billing Inquiry,High,Open,Phone,2024-01-17T19:00:00,96,3,True
SYN-02069,Question request,"Hello support, my question please contact me. Please help me resolve this today.",General Support,Medium,Open,Phone,2024-07-02T04:00:00,17,1,True
SYN-01984,Guidance request,"Hello support, my guidance have a general question. Please help me resolve this soon.",General Support,Medium,Resolved,Chat,2024-04-20T22:00:00,93,3,True
SYN-01404,Compatible request,"Hello support, my compatible is this supported. Please help me resolve this soon.",Product Inquiry,Medium,Open,Email,2024-09-20T20:00:00,19,5,True
SYN-01362,Compatible request,"Hello support, my compatible is this supported. Please help me resolve this soon.",Product Inquiry,Low,Resolved,Email,2024-09-28T13:00:00,62,4,True
SYN-01671,Courier request,"Hello support, my courier tracking is frozen. Please help me resolve this today.",Shipping Issue,Critical,Pending,Email,2024-10-15T06:00:00,101,5,True
SYN-01470,Feature request,"Hello support, my feature is this supported. Please help me resolve this today.",Product Inquiry,High,Open,Phone,2024-03-29T22:00:00,52,4,True
SYN-01842,Contact problem,"Hello support, my contact where can I find help. Please help me resolve this when possible.",General Support,Critical,Open,Phone,2024-11-24T12:00:00,104,2,True
SYN-01160,Cancel question,"Hello support, my cancel cancel this order. Please help me resolve this soon.",Refund Request,High,Closed,Email,2024-06-05T14:00:00,2,3,True
SYN-01517,Shipment request,"Hello support, my shipment has not arrived. Please help me resolve this soon.",Shipping Issue,Critical,Closed,Web,2024-09-14T22:00:00,6,2,True
SYN-01758,Shipment request,"Hello support, my shipment tracking is frozen. Please help me resolve this when possible.",Shipping Issue,Low,Pending,Web,2024-02-17T16:00:00,103,1,True
SYN-01373,Upgrade request,"Hello support, my upgrade is this supported. Please help me resolve this when possible.",Product Inquiry,Medium,Pending,Web,2024-03-24T12:00:00,33,2,True
SYN-01885,Help question,"Hello support, my help please contact me. Please help me resolve this when possible.",General Support,Critical,Open,Chat,2024-03-30T02:00:00,111,4,True
SYN-02000,Question help,"Hello support, my question need some assistance. Please help me resolve this today.",General Support,Low,Resolved,Phone,2024-06-05T00:00:00,107,3,True
SYN-01997,Guidance request,"Hello support, my guidance need some assistance. Please help me resolve this soon.",General Support,Critical,Open,Phone,2024-10-06T03:00:00,38,1,True
SYN-00520,Charged question,"Hello support, my charged amount is incorrect. Please help me resolve this soon.",Billing Inquiry,High,Pending,Phone,2024-05-30T19:00:00,40,1,True
SYN-00599,Card request,"Hello support, my card was charged twice. Please help me resolve this today.",Billing Inquiry,Low,Open,Web,2024-08-29T20:00:00,38,1,True
SYN-01245,Feature help,"Hello support, my feature want to compare options. Please help me resolve this soon.",Product Inquiry,Medium,Pending,Email,2024-04-07T08:00:00,42,2,True
SYN-01545,Courier help,"Hello support, my courier went to wrong address. Please help me resolve this today.",Shipping Issue,Critical,Closed,Email,2024-02-18T06:00:00,31,3,True
SYN-00218,Error problem,"Hello support, my error shows an error. Please help me resolve this today.",Technical Issue,Medium,Open,Chat,2024-04-19T15:00:00,37,4,True
SYN-01300,Upgrade problem,"Hello support, my upgrade which plan includes it. Please help me resolve this soon.",Product Inquiry,High,Pending,Phone,2024-10-18T00:00:00,25,5,True
SYN-00035,Update question,"Hello support, my update shows an error. Please help me resolve this today.",Technical Issue,High,Pending,Web,2024-01-16T01:00:00,1,5,True
SYN-01042,Return question,"Hello support, my return cancel this order. Please help me resolve this today.",Refund Request,Medium,Pending,Email,2024-11-12T12:00:00,18,1,True
SYN-01459,Upgrade help,"Hello support, my upgrade want to compare options. Please help me resolve this when possible.",Product Inquiry,High,Resolved,Phone,2024-08-02T02:00:00,74,4,True
SYN-00331,Card request,"Hello support, my card need a receipt. Please help me resolve this when possible.",Billing Inquiry,Medium,Pending,Email,2024-09-20T17:00:00,100,4,True
SYN-00291,Update help,"Hello support, my update will not start. Please help me resolve this soon.",Technical Issue,Medium,Pending,Phone,2024-07-08T09:00:00,22,4,True
SYN-00313,Card problem,"Hello support, my card need a receipt. Please help me resolve this today.",Billing Inquiry,Medium,Open,Web,2024-10-20T12:00:00,28,3,True
SYN-01415,Product request,"Hello support, my product is this supported. Please help me resolve this when possible.",Product Inquiry,Medium,Resolved,Email,2024-02-29T14:00:00,120,2,True
SYN-00444,Charged question,"Hello support, my charged payment was declined. Please help me resolve this today.",Billing Inquiry,Critical,Open,Email,2024-04-23T00:00:00,47,3,True
SYN-00430,Invoice help,"Hello support, my invoice need a receipt. Please help me resolve this when possible.",Billing Inquiry,Medium,Pending,Chat,2024-10-13T07:00:00,75,1,True
SYN-00298,Device help,"Hello support, my device shows an error. Please help me resolve this today.",Technical Issue,Medium,Pending,Chat,2024-10-20T21:00:00,91,1,True
SYN-00269,Crash request,"Hello support, my crash will not start. Please help me resolve this when possible.",Technical Issue,Critical,Pending,Chat,2024-07-14T05:00:00,67,3,True
SYN-00538,Card question,"Hello support, my card was charged twice. Please help me resolve this when possible.",Billing Inquiry,Critical,Resolved,Chat,2024-07-04T13:00:00,45,1,True
SYN-01544,Shipment problem,"Hello support, my shipment tracking is frozen. Please help me resolve this soon.",Shipping Issue,Low,Open,Phone,2024-06-15T08:00:00,86,4,True
SYN-01958,Guidance help,"Hello support, my guidance where can I find help. Please help me resolve this when possible.",General Support,High,Open,Phone,2024-04-16T08:00:00,120,3,True
SYN-00665,Password problem,"Hello support, my password reset link expired. Please help me resolve this when possible.",Account Access,Medium,Closed,Email,2024-11-11T16:00:00,10,4,True
SYN-00411,Invoice help,"Hello support, my invoice amount is incorrect. Please help me resolve this today.",Billing Inquiry,Low,Open,Email,2024-11-05T13:00:00,15,3,True
SYN-00980,Refund help,"Hello support, my refund cancel this order. Please help me resolve this when possible.",Refund Request,Medium,Closed,Phone,2024-10-16T08:00:00,91,4,True
SYN-00825,Password question,"Hello support, my password account is locked. Please help me resolve this when possible.",Account Access,Critical,Closed,Email,2024-02-23T14:00:00,94,2,True
SYN-01597,Package help,"Hello support, my package has not arrived. Please help me resolve this soon.",Shipping Issue,Low,Closed,Phone,2024-03-28T07:00:00,90,4,True
SYN-00529,Billing request,"Hello support, my billing amount is incorrect. Please help me resolve this today.",Billing Inquiry,High,Closed,Email,2024-07-04T09:00:00,61,1,True
SYN-01971,Support question,"Hello support, my support where can I find help. Please help me resolve this when possible.",General Support,Low,Closed,Email,2024-02-15T20:00:00,98,1,True
SYN-02085,Help question,"Hello support, my help need some assistance. Please help me resolve this today.",General Support,Critical,Pending,Phone,2024-04-10T20:00:00,19,5,True
SYN-00537,Charged help,"Hello support, my charged payment was declined. Please help me resolve this when possible.",Billing Inquiry,Critical,Resolved,Web,2024-11-02T17:00:00,6,2,True
SYN-01561,Delivery problem,"Hello support, my delivery tracking is frozen. Please help me resolve this today.",Shipping Issue,Medium,Open,Chat,2024-06-18T12:00:00,9,2,True
SYN-01449,Upgrade question,"Hello support, my upgrade which plan includes it. Please help me resolve this today.",Product Inquiry,Critical,Open,Phone,2024-09-09T19:00:00,52,3,True
SYN-00891,Password request,"Hello support, my password account is locked. Please help me resolve this today.",Account Access,High,Pending,Chat,2024-01-15T23:00:00,4,3,True
SYN-01291,Feature help,"Hello support, my feature is this supported. Please help me resolve this soon.",Product Inquiry,Critical,Resolved,Phone,2024-07-10T04:00:00,51,5,True
SYN-01725,Delivery problem,"Hello support, my delivery tracking is frozen. Please help me resolve this when possible.",Shipping Issue,Low,Closed,Chat,2024-03-26T07:00:00,96,2,True
SYN-01626,Package help,"Hello support, my package has not arrived. Please help me resolve this when possible.",Shipping Issue,Critical,Open,Email,2024-03-27T04:00:00,16,2,True
SYN-01365,Upgrade question,"Hello support, my upgrade which plan includes it. Please help me resolve this when possible.",Product Inquiry,Medium,Resolved,Web,2024-08-31T15:00:00,38,4,True
SYN-01010,Return question,"Hello support, my return want my money back. Please help me resolve this when possible.",Refund Request,Critical,Open,Web,2024-01-29T20:00:00,96,5,True
SYN-01760,Delivery problem,"Hello support, my delivery has not arrived. Please help me resolve this when possible.",Shipping Issue,Low,Open,Phone,2024-09-23T06:00:00,4,2,True
SYN-00184,Device problem,"Hello support, my device stopped working. Please help me resolve this soon.",Technical Issue,High,Closed,Chat,2024-11-07T19:00:00,72,5,True
SYN-01447,Plan help,"Hello support, my plan need more information. Please help me resolve this today.",Product Inquiry,Critical,Resolved,Phone,2024-04-09T18:00:00,118,3,True
SYN-00375,Card problem,"Hello support, my card need a receipt. Please help me resolve this when possible.",Billing Inquiry,Critical,Open,Web,2024-11-09T01:00:00,112,2,True
SYN-01295,Plan problem,"Hello support, my plan is this supported. Please help me resolve this today.",Product Inquiry,Critical,Resolved,Chat,2024-11-14T12:00:00,96,1,True
SYN-01148,Refund problem,"Hello support, my refund refund is missing. Please help me resolve this soon.",Refund Request,Critical,Resolved,Phone,2024-03-04T20:00:00,35,1,True
SYN-01389,Plan question,"Hello support, my plan want to compare options. Please help me resolve this when possible.",Product Inquiry,Medium,Pending,Web,2024-09-26T23:00:00,49,3,True
SYN-01144,Refund request,"Hello support, my refund return was approved. Please help me resolve this soon.",Refund Request,Critical,Pending,Web,2024-01-05T11:00:00,86,1,True
SYN-01829,Contact problem,"Hello support, my contact have a general question. Please help me resolve this soon.",General Support,Critical,Open,Chat,2024-08-20T19:00:00,33,4,True
SYN-00456,Charged request,"Hello support, my charged payment was declined. Please help me resolve this when possible.",Billing Inquiry,Low,Closed,Email,2024-03-07T07:00:00,15,3,True
SYN-01134,Refund help,"Hello support, my refund refund is missing. Please help me resolve this today.",Refund Request,Low,Resolved,Email,2024-04-07T01:00:00,17,1,True
SYN-01687,Tracking problem,"Hello support, my tracking went to wrong address. Please help me resolve this soon.",Shipping Issue,Critical,Pending,Web,2024-01-23T13:00:00,7,4,True
SYN-01732,Delivery request,"Hello support, my delivery package was damaged. Please help me resolve this soon.",Shipping Issue,Medium,Resolved,Web,2024-04-28T17:00:00,39,4,True
SYN-01988,Guidance problem,"Hello support, my guidance have a general question. Please help me resolve this today.",General Support,High,Pending,Email,2024-06-02T17:00:00,91,2,True
SYN-01935,Guidance problem,"Hello support, my guidance please contact me. Please help me resolve this today.",General Support,Critical,Resolved,Phone,2024-11-12T16:00:00,85,5,True
SYN-00205,Crash help,"Hello support, my crash will not start. Please help me resolve this when possible.",Technical Issue,Critical,Pending,Chat,2024-08-31T13:00:00,43,3,True
SYN-00812,Password help,"Hello support, my password reset link expired. Please help me resolve this soon.",Account Access,Critical,Open,Web,2024-09-09T04:00:00,90,5,True
SYN-00320,Invoice request,"Hello support, my invoice was charged twice. Please help me resolve this when possible.",Billing Inquiry,High,Closed,Email,2024-11-28T13:00:00,104,3,True
SYN-00256,Crash request,"Hello support, my crash keeps failing. Please help me resolve this today.",Technical Issue,High,Resolved,Phone,2024-06-27T23:00:00,20,4,True
SYN-01007,Money question,"Hello support, my money cancel this order. Please help me resolve this when possible.",Refund Request,Medium,Closed,Web,2024-01-19T01:00:00,118,2,True
SYN-00029,Error help,"Hello support, my error keeps failing. Please help me resolve this when possible.",Technical Issue,High,Resolved,Chat,2024-07-30T09:00:00,11,3,True
SYN-00203,Device help,"Hello support, my device shows an error. Please help me resolve this when possible.",Technical Issue,High,Open,Chat,2024-01-26T02:00:00,50,1,True
SYN-00080,Screen help,"Hello support, my screen keeps failing. Please help me resolve this when possible.",Technical Issue,Medium,Closed,Web,2024-03-25T17:00:00,16,4,True
SYN-00781,Password request,"Hello support, my password account is locked. Please help me resolve this soon.",Account Access,Medium,Closed,Chat,2024-09-05T01:00:00,87,1,True
SYN-00410,Charged request,"Hello support, my charged amount is incorrect. Please help me resolve this when possible.",Billing Inquiry,Critical,Resolved,Chat,2024-07-06T02:00:00,64,1,True
SYN-01749,Package help,"Hello support, my package went to wrong address. Please help me resolve this today.",Shipping Issue,Low,Pending,Web,2024-10-11T22:00:00,88,4,True
SYN-01700,Tracking help,"Hello support, my tracking went to wrong address. Please help me resolve this today.",Shipping Issue,Critical,Pending,Chat,2024-08-17T07:00:00,33,3,True
SYN-00325,Payment request,"Hello support, my payment amount is incorrect. Please help me resolve this soon.",Billing Inquiry,Medium,Resolved,Email,2024-06-19T12:00:00,110,5,True
SYN-01653,Package help,"Hello support, my package package was damaged. Please help me resolve this today.",Shipping Issue,Critical,Pending,Email,2024-09-13T13:00:00,33,2,True
SYN-01036,Return question,"Hello support, my return return was approved. Please help me resolve this when possible.",Refund Request,High,Resolved,Web,2024-05-22T17:00:00,71,1,True
SYN-01566,Shipment question,"Hello support, my shipment package was damaged. Please help me resolve this soon.",Shipping Issue,Low,Closed,Email,2024-01-07T13:00:00,66,1,True
SYN-00248,Screen help,"Hello support, my screen shows an error. Please help me resolve this soon.",Technical Issue,Low,Closed,Phone,2024-06-24T00:00:00,113,2,True
SYN-01614,Courier request,"Hello support, my courier has not arrived. Please help me resolve this when possible.",Shipping Issue,Critical,Resolved,Chat,2024-07-12T05:00:00,22,3,True
SYN-01020,Return help,"Hello support, my return return was approved. Please help me resolve this today.",Refund Request,High,Pending,Email,2024-04-30T17:00:00,96,2,True
SYN-01244,Product question,"Hello support, my product is this supported. Please help me resolve this today.",Product Inquiry,Medium,Resolved,Web,2024-06-22T15:00:00,93,3,True
SYN-00797,Verification help,"Hello support, my verification account is locked. Please help me resolve this today.",Account Access,Low,Pending,Chat,2024-03-01T18:00:00,31,4,True
SYN-00384,Payment request,"Hello support, my payment need a receipt. Please help me resolve this soon.",Billing Inquiry,High,Resolved,Chat,2024-07-21T18:00:00,58,3,True
SYN-01048,Money problem,"Hello support, my money return was approved. Please help me resolve this soon.",Refund Request,Medium,Pending,Web,2024-08-09T00:00:00,37,5,True
SYN-00094,Update request,"Hello support, my update keeps failing. Please help me resolve this soon.",Technical Issue,High,Resolved,Web,2024-08-09T02:00:00,107,4,True
SYN-00941,Refund question,"Hello support, my refund refund is missing. Please help me resolve this today.",Refund Request,Medium,Resolved,Phone,2024-08-09T04:00:00,105,2,True
SYN-01129,Refund problem,"Hello support, my refund want my money back. Please help me resolve this when possible.",Refund Request,High,Pending,Web,2024-04-18T17:00:00,89,5,True
SYN-02053,Question request,"Hello support, my question where can I find help. Please help me resolve this soon.",General Support,Medium,Resolved,Email,2024-04-16T20:00:00,33,4,True
SYN-01859,Support request,"Hello support, my support have a general question. Please help me resolve this soon.",General Support,Medium,Closed,Web,2024-02-06T14:00:00,28,5,True
SYN-00188,Device request,"Hello support, my device shows an error. Please help me resolve this when possible.",Technical Issue,Low,Open,Phone,2024-06-08T12:00:00,103,4,True
SYN-00814,Verification question,"Hello support, my verification code never arrived. Please help me resolve this today.",Account Access,Critical,Closed,Web,2024-09-08T14:00:00,75,5,True
SYN-00962,Cancel request,"Hello support, my cancel want my money back. Please help me resolve this soon.",Refund Request,Critical,Open,Email,2024-04-26T18:00:00,4,1,True
SYN-02006,Contact help,"Hello support, my contact need some assistance. Please help me resolve this when possible.",General Support,Low,Closed,Web,2024-06-29T05:00:00,30,5,True
SYN-00717,Password request,"Hello support, my password code never arrived. Please help me resolve this today.",Account Access,Low,Resolved,Web,2024-11-05T12:00:00,89,1,True
SYN-01039,Money help,"Hello support, my money refund is missing. Please help me resolve this soon.",Refund Request,High,Pending,Chat,2024-07-10T23:00:00,100,1,True
SYN-00179,Update help,"Hello support, my update stopped working. Please help me resolve this soon.",Technical Issue,Critical,Open,Phone,2024-02-26T21:00:00,89,5,True
SYN-00875,Password question,"Hello support, my password reset link expired. Please help me resolve this today.",Account Access,Low,Open,Web,2024-02-26T03:00:00,43,4,True
SYN-00867,Login question,"Hello support, my login reset link expired. Please help me resolve this when possible.",Account Access,High,Pending,Email,2024-09-10T15:00:00,3,5,True
SYN-01957,Guidance help,"Hello support, my guidance have a general question. Please help me resolve this soon.",General Support,Critical,Pending,Web,2024-11-09T17:00:00,51,5,True
SYN-00265,Screen problem,"Hello support, my screen will not start. Please help me resolve this soon.",Technical Issue,Medium,Closed,Chat,2024-08-31T09:00:00,10,4,True
SYN-00462,Charged problem,"Hello support, my charged payment was declined. Please help me resolve this when possible.",Billing Inquiry,Low,Open,Email,2024-09-07T09:00:00,114,5,True
SYN-00726,Login request,"Hello support, my login reset link expired. Please help me resolve this when possible.",Account Access,Medium,Resolved,Chat,2024-02-13T22:00:00,110,2,True
SYN-01602,Delivery help,"Hello support, my delivery package was damaged. Please help me resolve this soon.",Shipping Issue,Medium,Open,Phone,2024-02-29T08:00:00,116,5,True
SYN-00455,Card question,"Hello support, my card amount is incorrect. Please help me resolve this today.",Billing Inquiry,Critical,Pending,Chat,2024-04-14T00:00:00,27,2,True
SYN-01704,Shipment problem,"Hello support, my shipment tracking is frozen. Please help me resolve this when possible.",Shipping Issue,Low,Open,Chat,2024-07-05T03:00:00,33,2,True
SYN-01601,Shipment help,"Hello support, my shipment has not arrived. Please help me resolve this soon.",Shipping Issue,Critical,Open,Phone,2024-06-20T08:00:00,24,5,True
SYN-01832,Guidance help,"Hello support, my guidance where can I find help. Please help me resolve this today.",General Support,Medium,Open,Chat,2024-03-20T19:00:00,98,5,True
SYN-01697,Delivery help,"Hello support, my delivery went to wrong address. Please help me resolve this today.",Shipping Issue,High,Open,Web,2024-07-01T16:00:00,105,5,True
SYN-01421,Compatible request,"Hello support, my compatible is this supported. Please help me resolve this today.",Product Inquiry,Medium,Open,Email,2024-03-15T20:00:00,66,4,True
SYN-01416,Feature help,"Hello support, my feature want to compare options. Please help me resolve this when possible.",Product Inquiry,High,Resolved,Phone,2024-03-10T15:00:00,40,1,True
SYN-00971,Money problem,"Hello support, my money return was approved. Please help me resolve this soon.",Refund Request,Medium,Pending,Chat,2024-11-01T23:00:00,58,2,True
SYN-01747,Tracking problem,"Hello support, my tracking tracking is frozen. Please help me resolve this when possible.",Shipping Issue,Medium,Pending,Chat,2024-03-20T22:00:00,95,2,True
SYN-00745,Password request,"Hello support, my password account is locked. Please help me resolve this soon.",Account Access,Critical,Pending,Phone,2024-10-28T23:00:00,91,4,True
SYN-00589,Charged problem,"Hello support, my charged was charged twice. Please help me resolve this soon.",Billing Inquiry,High,Resolved,Web,2024-09-19T12:00:00,92,3,True
SYN-00003,Update problem,"Hello support, my update shows an error. Please help me resolve this today.",Technical Issue,Critical,Resolved,Phone,2024-10-03T06:00:00,112,2,True
SYN-00357,Invoice problem,"Hello support, my invoice need a receipt. Please help me resolve this today.",Billing Inquiry,High,Pending,Email,2024-10-17T09:00:00,99,4,True
SYN-01246,Product question,"Hello support, my product which plan includes it. Please help me resolve this today.",Product Inquiry,High,Resolved,Chat,2024-07-15T07:00:00,113,1,True
SYN-01236,Upgrade help,"Hello support, my upgrade need more information. Please help me resolve this when possible.",Product Inquiry,Medium,Closed,Web,2024-11-08T04:00:00,47,2,True
SYN-01070,Refund request,"Hello support, my refund want my money back. Please help me resolve this when possible.",Refund Request,Medium,Open,Web,2024-07-25T05:00:00,97,4,True
SYN-01831,Guidance request,"Hello support, my guidance have a general question. Please help me resolve this soon.",General Support,Critical,Pending,Phone,2024-02-04T22:00:00,81,4,True
SYN-00390,Payment question,"Hello support, my payment payment was declined. Please help me resolve this today.",Billing Inquiry,Medium,Pending,Email,2024-08-11T22:00:00,92,5,True
SYN-01262,Plan request,"Hello support, my plan need more information. Please help me resolve this soon.",Product Inquiry,Low,Resolved,Web,2024-04-01T14:00:00,63,4,True
SYN-01433,Plan question,"Hello support, my plan need more information. Please help me resolve this soon.",Product Inquiry,Critical,Closed,Web,2024-11-23T08:00:00,52,3,True
SYN-02025,Help problem,"Hello support, my help where can I find help. Please help me resolve this when possible.",General Support,High,Resolved,Phone,2024-03-28T12:00:00,116,2,True
SYN-00907,Cancel help,"Hello support, my cancel cancel this order. Please help me resolve this when possible.",Refund Request,Low,Closed,Chat,2024-09-24T07:00:00,52,4,True
SYN-01669,Courier request,"Hello support, my courier went to wrong address. Please help me resolve this today.",Shipping Issue,Low,Closed,Web,2024-10-02T04:00:00,77,3,True
SYN-01579,Tracking question,"Hello support, my tracking package was damaged. Please help me resolve this soon.",Shipping Issue,Low,Closed,Email,2024-10-23T21:00:00,114,2,True
SYN-01420,Plan question,"Hello support, my plan is this supported. Please help me resolve this when possible.",Product Inquiry,Low,Closed,Web,2024-04-20T05:00:00,85,5,True
SYN-01311,Feature help,"Hello support, my feature is this supported. Please help me resolve this when possible.",Product Inquiry,High,Resolved,Web,2024-06-11T04:00:00,18,5,True
SYN-00309,Invoice request,"Hello support, my invoice was charged twice. Please help me resolve this when possible.",Billing Inquiry,Medium,Closed,Email,2024-06-11T18:00:00,10,1,True
SYN-00347,Invoice question,"Hello support, my invoice need a receipt. Please help me resolve this soon.",Billing Inquiry,Critical,Resolved,Phone,2024-09-23T21:00:00,92,4,True
SYN-00304,Billing request,"Hello support, my billing was charged twice. Please help me resolve this soon.",Billing Inquiry,High,Resolved,Phone,2024-11-26T10:00:00,55,3,True
SYN-00481,Payment question,"Hello support, my payment amount is incorrect. Please help me resolve this soon.",Billing Inquiry,Medium,Open,Phone,2024-05-25T05:00:00,18,5,True
SYN-01863,Support question,"Hello support, my support please contact me. Please help me resolve this soon.",General Support,Medium,Pending,Phone,2024-02-14T07:00:00,31,5,True
SYN-00437,Billing request,"Hello support, my billing amount is incorrect. Please help me resolve this when possible.",Billing Inquiry,Critical,Pending,Phone,2024-07-29T07:00:00,112,1,True
SYN-02076,Guidance request,"Hello support, my guidance need some assistance. Please help me resolve this today.",General Support,Low,Open,Chat,2024-07-27T14:00:00,69,5,True
SYN-01351,Product question,"Hello support, my product want to compare options. Please help me resolve this soon.",Product Inquiry,Medium,Pending,Web,2024-09-15T07:00:00,60,3,True
SYN-01761,Courier request,"Hello support, my courier has not arrived. Please help me resolve this soon.",Shipping Issue,Low,Closed,Phone,2024-01-29T04:00:00,89,1,True
SYN-02098,Help request,"Hello support, my help please contact me. Please help me resolve this today.",General Support,Medium,Closed,Email,2024-08-10T02:00:00,70,3,True
SYN-01695,Package problem,"Hello support, my package went to wrong address. Please help me resolve this today.",Shipping Issue,High,Closed,Phone,2024-10-31T07:00:00,84,1,True
SYN-02090,Help question,"Hello support, my help need some assistance. Please help me resolve this when possible.",General Support,Critical,Closed,Email,2024-08-29T02:00:00,107,3,True
SYN-01261,Feature question,"Hello support, my feature which plan includes it. Please help me resolve this soon.",Product Inquiry,Critical,Closed,Web,2024-03-30T07:00:00,87,4,True
SYN-00765,Login question,"Hello support, my login reset link expired. Please help me resolve this soon.",Account Access,Critical,Pending,Web,2024-07-23T17:00:00,16,2,True
SYN-01473,Compatible request,"Hello support, my compatible want to compare options. Please help me resolve this soon.",Product Inquiry,Low,Pending,Phone,2024-03-03T01:00:00,69,5,True
SYN-00262,Update request,"Hello support, my update shows an error. Please help me resolve this when possible.",Technical Issue,Low,Resolved,Email,2024-05-11T00:00:00,97,1,True
SYN-00705,Account help,"Hello support, my account cannot sign in. Please help me resolve this soon.",Account Access,Medium,Closed,Phone,2024-11-10T04:00:00,4,2,True
SYN-00505,Billing request,"Hello support, my billing payment was declined. Please help me resolve this when possible.",Billing Inquiry,Medium,Open,Phone,2024-06-02T20:00:00,24,2,True
SYN-01606,Tracking question,"Hello support, my tracking has not arrived. Please help me resolve this when possible.",Shipping Issue,Critical,Open,Phone,2024-05-29T12:00:00,64,5,True
SYN-00993,Refund request,"Hello support, my refund return was approved. Please help me resolve this today.",Refund Request,Critical,Resolved,Email,2024-10-21T05:00:00,77,1,True
SYN-01753,Courier question,"Hello support, my courier package was damaged. Please help me resolve this when possible.",Shipping Issue,Medium,Open,Chat,2024-04-05T07:00:00,41,4,True
SYN-01293,Product question,"Hello support, my product want to compare options. Please help me resolve this when possible.",Product Inquiry,Low,Closed,Phone,2024-08-25T06:00:00,101,2,True
SYN-01488,Plan question,"Hello support, my plan is this supported. Please help me resolve this soon.",Product Inquiry,Low,Closed,Web,2024-11-16T22:00:00,113,4,True
SYN-01179,Cancel problem,"Hello support, my cancel cancel this order. Please help me resolve this soon.",Refund Request,Medium,Open,Email,2024-09-02T11:00:00,120,1,True
SYN-02081,Question problem,"Hello support, my question where can I find help. Please help me resolve this when possible.",General Support,Critical,Resolved,Phone,2024-11-13T09:00:00,20,1,True
SYN-01321,Product request,"Hello support, my product want to compare options. Please help me resolve this today.",Product Inquiry,Critical,Pending,Phone,2024-10-10T18:00:00,60,2,True
SYN-01231,Feature problem,"Hello support, my feature which plan includes it. Please help me resolve this today.",Product Inquiry,Medium,Resolved,Phone,2024-11-13T13:00:00,20,2,True
SYN-02028,Guidance problem,"Hello support, my guidance need some assistance. Please help me resolve this today.",General Support,High,Resolved,Email,2024-03-13T18:00:00,116,2,True
SYN-01477,Product problem,"Hello support, my product want to compare options. Please help me resolve this soon.",Product Inquiry,Medium,Resolved,Chat,2024-11-18T05:00:00,15,2,True
SYN-01857,Contact question,"Hello support, my contact have a general question. Please help me resolve this when possible.",General Support,Medium,Resolved,Email,2024-01-17T00:00:00,26,1,True
SYN-00361,Card help,"Hello support, my card need a receipt. Please help me resolve this when possible.",Billing Inquiry,Medium,Pending,Web,2024-02-04T14:00:00,107,1,True
SYN-00801,Verification question,"Hello support, my verification cannot sign in. Please help me resolve this soon.",Account Access,Medium,Pending,Web,2024-01-14T19:00:00,66,5,True
SYN-01589,Shipment problem,"Hello support, my shipment has not arrived. Please help me resolve this when possible.",Shipping Issue,Low,Open,Phone,2024-06-20T03:00:00,70,5,True
SYN-01062,Money help,"Hello support, my money refund is missing. Please help me resolve this when possible.",Refund Request,Medium,Closed,Email,2024-07-06T12:00:00,64,5,True
SYN-00316,Billing help,"Hello support, my billing need a receipt. Please help me resolve this when possible.",Billing Inquiry,Low,Open,Phone,2024-02-08T11:00:00,31,3,True
SYN-01453,Upgrade request,"Hello support, my upgrade which plan includes it. Please help me resolve this soon.",Product Inquiry,Low,Pending,Email,2024-09-15T07:00:00,72,1,True
SYN-00719,Locked request,"Hello support, my locked cannot sign in. Please help me resolve this when possible.",Account Access,Low,Pending,Phone,2024-10-15T12:00:00,34,4,True
SYN-00709,Password help,"Hello support, my password cannot sign in. Please help me resolve this when possible.",Account Access,Low,Closed,Chat,2024-01-29T12:00:00,69,4,True
SYN-01275,Product help,"Hello support, my product is this supported. Please help me resolve this when possible.",Product Inquiry,Critical,Pending,Email,2024-01-29T15:00:00,19,4,True
SYN-00775,Locked help,"Hello support, my locked reset link expired. Please help me resolve this soon.",Account Access,Critical,Closed,Chat,2024-10-16T02:00:00,77,3,True
SYN-00406,Invoice help,"Hello support, my invoice amount is incorrect. Please help me resolve this soon.",Billing Inquiry,Critical,Open,Phone,2024-08-23T10:00:00,15,4,True
SYN-00250,Device request,"Hello support, my device stopped working. Please help me resolve this soon.",Technical Issue,Medium,Closed,Chat,2024-04-10T18:00:00,20,4,True
SYN-00407,Charged problem,"Hello support, my charged was charged twice. Please help me resolve this soon.",Billing Inquiry,Critical,Open,Phone,2024-08-25T07:00:00,88,5,True
SYN-00072,Update request,"Hello support, my update stopped working. Please help me resolve this when possible.",Technical Issue,Critical,Closed,Web,2024-07-08T12:00:00,98,1,True
SYN-01861,Help problem,"Hello support, my help please contact me. Please help me resolve this today.",General Support,High,Pending,Web,2024-11-20T09:00:00,99,4,True
SYN-00337,Invoice question,"Hello support, my invoice was charged twice. Please help me resolve this soon.",Billing Inquiry,Low,Resolved,Chat,2024-06-02T10:00:00,60,4,True
SYN-01013,Refund question,"Hello support, my refund cancel this order. Please help me resolve this today.",Refund Request,Critical,Closed,Web,2024-10-13T12:00:00,18,2,True
SYN-00178,Update question,"Hello support, my update will not start. Please help me resolve this today.",Technical Issue,Low,Resolved,Phone,2024-07-05T04:00:00,38,3,True
SYN-01422,Plan question,"Hello support, my plan need more information. Please help me resolve this today.",Product Inquiry,High,Resolved,Web,2024-03-26T06:00:00,29,5,True
SYN-01286,Plan help,"Hello support, my plan which plan includes it. Please help me resolve this when possible.",Product Inquiry,High,Resolved,Web,2024-10-07T03:00:00,117,3,True
SYN-01651,Tracking request,"Hello support, my tracking has not arrived. Please help me resolve this when possible.",Shipping Issue,Low,Open,Web,2024-08-31T12:00:00,32,2,True
SYN-01084,Refund question,"Hello support, my refund refund is missing. Please help me resolve this today.",Refund Request,High,Pending,Email,2024-02-02T02:00:00,59,3,True
SYN-00816,Login help,"Hello support, my login account is locked. Please help me resolve this soon.",Account Access,Low,Closed,Phone,2024-10-31T18:00:00,83,4,True
SYN-01563,Shipment help,"Hello support, my shipment has not arrived. Please help me resolve this when possible.",Shipping Issue,Medium,Open,Chat,2024-06-28T02:00:00,54,4,True
SYN-00446,Payment question,"Hello support, my payment payment was declined. Please help me resolve this when possible.",Billing Inquiry,Critical,Closed,Email,2024-01-09T10:00:00,117,3,True
SYN-01882,Support request,"Hello support, my support need some assistance. Please help me resolve this when possible.",General Support,Medium,Pending,Chat,2024-08-06T13:00:00,39,3,True
SYN-01576,Shipment question,"Hello support, my shipment tracking is frozen. Please help me resolve this today.",Shipping Issue,Medium,Closed,Phone,2024-02-03T04:00:00,7,1,True
SYN-00253,Crash request,"Hello support, my crash stopped working. Please help me resolve this today.",Technical Issue,Medium,Open,Chat,2024-02-16T22:00:00,108,5,True
SYN-01622,Package help,"Hello support, my package tracking is frozen. Please help me resolve this soon.",Shipping Issue,High,Closed,Chat,2024-10-08T20:00:00,43,5,True
SYN-01418,Product problem,"Hello support, my product is this supported. Please help me resolve this soon.",Product Inquiry,Medium,Open,Web,2024-02-23T23:00:00,13,1,True
SYN-01175,Purchase question,"Hello support, my purchase cancel this order. Please help me resolve this today.",Refund Request,High,Open,Web,2024-09-25T12:00:00,32,2,True
SYN-01982,Question problem,"Hello support, my question where can I find help. Please help me resolve this soon.",General Support,High,Open,Email,2024-08-21T20:00:00,22,1,True
SYN-00465,Card request,"Hello support, my card amount is incorrect. Please help me resolve this when possible.",Billing Inquiry,Medium,Closed,Chat,2024-08-14T04:00:00,31,2,True
SYN-00617,Password help,"Hello support, my password cannot sign in. Please help me resolve this when possible.",Account Access,Medium,Open,Web,2024-11-28T08:00:00,119,1,True
SYN-01238,Plan help,"Hello support, my plan need more information. Please help me resolve this when possible.",Product Inquiry,Medium,Closed,Chat,2024-01-28T19:00:00,53,2,True
SYN-00055,Screen problem,"Hello support, my screen shows an error. Please help me resolve this today.",Technical Issue,Medium,Pending,Web,2024-10-31T19:00:00,70,2,True
SYN-00872,Login help,"Hello support, my login account is locked. Please help me resolve this soon.",Account Access,Low,Closed,Web,2024-05-27T15:00:00,109,3,True
SYN-00246,Screen request,"Hello support, my screen keeps failing. Please help me resolve this when possible.",Technical Issue,Low,Closed,Chat,2024-03-13T07:00:00,120,5,True
SYN-00400,Card help,"Hello support, my card need a receipt. Please help me resolve this soon.",Billing Inquiry,Critical,Closed,Email,2024-08-04T05:00:00,55,1,True
SYN-01937,Help problem,"Hello support, my help have a general question. Please help me resolve this soon.",General Support,Low,Closed,Web,2024-01-22T01:00:00,104,3,True
SYN-01735,Package problem,"Hello support, my package package was damaged. Please help me resolve this today.",Shipping Issue,High,Resolved,Chat,2024-01-07T22:00:00,9,5,True
SYN-01357,Upgrade request,"Hello support, my upgrade want to compare options. Please help me resolve this soon.",Product Inquiry,Low,Resolved,Chat,2024-03-23T13:00:00,102,2,True
SYN-00949,Cancel help,"Hello support, my cancel refund is missing. Please help me resolve this today.",Refund Request,High,Pending,Web,2024-04-06T16:00:00,49,2,True
SYN-00655,Password help,"Hello support, my password code never arrived. Please help me resolve this today.",Account Access,Medium,Closed,Chat,2024-03-01T21:00:00,83,5,True
SYN-00382,Card request,"Hello support, my card amount is incorrect. Please help me resolve this today.",Billing Inquiry,Medium,Open,Web,2024-02-29T07:00:00,25,1,True
SYN-00634,Verification request,"Hello support, my verification code never arrived. Please help me resolve this soon.",Account Access,Low,Closed,Chat,2024-05-01T06:00:00,29,5,True
SYN-00135,Device question,"Hello support, my device keeps failing. Please help me resolve this today.",Technical Issue,Medium,Resolved,Phone,2024-07-26T20:00:00,119,3,True
SYN-00263,Update question,"Hello support, my update will not start. Please help me resolve this when possible.",Technical Issue,Critical,Resolved,Email,2024-10-13T06:00:00,10,3,True
SYN-01494,Feature question,"Hello support, my feature need more information. Please help me resolve this soon.",Product Inquiry,Medium,Closed,Email,2024-03-23T12:00:00,56,5,True
SYN-00365,Card question,"Hello support, my card payment was declined. Please help me resolve this today.",Billing Inquiry,Low,Open,Web,2024-08-13T11:00:00,37,5,True
SYN-01398,Product question,"Hello support, my product need more information. Please help me resolve this when possible.",Product Inquiry,Critical,Resolved,Phone,2024-11-23T14:00:00,65,1,True
SYN-01754,Package help,"Hello support, my package package was damaged. Please help me resolve this today.",Shipping Issue,Low,Pending,Email,2024-09-20T16:00:00,69,2,True
SYN-00991,Return help,"Hello support, my return refund is missing. Please help me resolve this soon.",Refund Request,Medium,Open,Phone,2024-06-14T06:00:00,83,1,True
SYN-00312,Card request,"Hello support, my card amount is incorrect. Please help me resolve this soon.",Billing Inquiry,High,Pending,Chat,2024-07-27T07:00:00,84,4,True
SYN-01886,Guidance request,"Hello support, my guidance where can I find help. Please help me resolve this soon.",General Support,Low,Pending,Email,2024-01-01T22:00:00,24,3,True
SYN-02078,Guidance problem,"Hello support, my guidance have a general question. Please help me resolve this soon.",General Support,Medium,Resolved,Email,2024-02-10T17:00:00,101,5,True
SYN-00149,Device question,"Hello support, my device stopped working. Please help me resolve this when possible.",Technical Issue,High,Pending,Web,2024-08-20T11:00:00,119,1,True
SYN-00187,Error request,"Hello support, my error keeps failing. Please help me resolve this today.",Technical Issue,Critical,Open,Phone,2024-03-09T14:00:00,102,5,True
SYN-01334,Plan problem,"Hello support, my plan which plan includes it. Please help me resolve this soon.",Product Inquiry,Low,Closed,Chat,2024-08-05T01:00:00,5,2,True
SYN-01506,Shipment help,"Hello support, my shipment package was damaged. Please help me resolve this soon.",Shipping Issue,High,Resolved,Web,2024-11-21T01:00:00,50,2,True
SYN-00101,Screen question,"Hello support, my screen stopped working. Please help me resolve this when possible.",Technical Issue,Critical,Resolved,Web,2024-08-09T19:00:00,11,5,True
SYN-00258,Crash help,"Hello support, my crash keeps failing. Please help me resolve this when possible.",Technical Issue,Critical,Open,Email,2024-05-18T08:00:00,49,2,True
SYN-01800,Courier request,"Hello support, my courier tracking is frozen. Please help me resolve this today.",Shipping Issue,High,Open,Email,2024-05-19T01:00:00,6,1,True
SYN-00625,Verification help,"Hello support, my verification cannot sign in. Please help me resolve this soon.",Account Access,Critical,Open,Email,2024-07-23T04:00:00,14,2,True
SYN-01463,Compatible problem,"Hello support, my compatible need more information. Please help me resolve this soon.",Product Inquiry,Critical,Pending,Email,2024-07-10T03:00:00,58,3,True
SYN-00192,Screen question,"Hello support, my screen will not start. Please help me resolve this today.",Technical Issue,High,Open,Chat,2024-08-04T18:00:00,71,5,True
SYN-00254,Update help,"Hello support, my update shows an error. Please help me resolve this when possible.",Technical Issue,Critical,Open,Email,2024-01-21T15:00:00,80,5,True
SYN-01142,Money question,"Hello support, my money refund is missing. Please help me resolve this when possible.",Refund Request,Critical,Pending,Email,2024-11-29T06:00:00,36,3,True
SYN-00457,Invoice help,"Hello support, my invoice payment was declined. Please help me resolve this soon.",Billing Inquiry,High,Pending,Chat,2024-02-03T12:00:00,26,1,True
SYN-00014,Error question,"Hello support, my error keeps failing. Please help me resolve this when possible.",Technical Issue,Medium,Pending,Phone,2024-10-24T03:00:00,81,2,True
SYN-01918,Question question,"Hello support, my question please contact me. Please help me resolve this soon.",General Support,High,Closed,Phone,2024-01-28T04:00:00,7,2,True
SYN-00799,Locked problem,"Hello support, my locked reset link expired. Please help me resolve this soon.",Account Access,Medium,Closed,Web,2024-05-02T13:00:00,86,4,True
SYN-00772,Verification problem,"Hello support, my verification account is locked. Please help me resolve this today.",Account Access,High,Open,Phone,2024-09-01T20:00:00,55,4,True
SYN-01666,Shipment problem,"Hello support, my shipment went to wrong address. Please help me resolve this today.",Shipping Issue,Medium,Open,Phone,2024-11-08T16:00:00,27,4,True
SYN-01327,Product problem,"Hello support, my product need more information. Please help me resolve this soon.",Product Inquiry,Low,Closed,Email,2024-06-07T16:00:00,104,2,True
SYN-01640,Shipment request,"Hello support, my shipment package was damaged. Please help me resolve this when possible.",Shipping Issue,Low,Closed,Email,2024-11-23T21:00:00,4,4,True
SYN-01762,Courier question,"Hello support, my courier has not arrived. Please help me resolve this soon.",Shipping Issue,Critical,Open,Phone,2024-09-02T11:00:00,20,3,True
SYN-00541,Billing help,"Hello support, my billing was charged twice. Please help me resolve this when possible.",Billing Inquiry,Medium,Resolved,Phone,2024-06-27T21:00:00,88,4,True
SYN-01856,Question problem,"Hello support, my question need some assistance. Please help me resolve this when possible.",General Support,Low,Open,Web,2024-03-07T06:00:00,40,5,True
SYN-01896,Help help,"Hello support, my help have a general question. Please help me resolve this soon.",General Support,Critical,Pending,Email,2024-02-23T17:00:00,16,1,True
SYN-01822,Guidance question,"Hello support, my guidance need some assistance. Please help me resolve this today.",General Support,Critical,Resolved,Email,2024-09-19T12:00:00,100,2,True
SYN-00912,Refund help,"Hello support, my refund return was approved. Please help me resolve this soon.",Refund Request,Medium,Closed,Email,2024-02-22T11:00:00,43,5,True
SYN-00605,Login problem,"Hello support, my login reset link expired. Please help me resolve this soon.",Account Access,Critical,Pending,Web,2024-04-05T17:00:00,108,2,True
SYN-01399,Feature problem,"Hello support, my feature need more information. Please help me resolve this when possible.",Product Inquiry,Medium,Open,Web,2024-11-28T12:00:00,72,5,True
SYN-01684,Delivery problem,"Hello support, my delivery has not arrived. Please help me resolve this today.",Shipping Issue,Low,Closed,Chat,2024-07-19T14:00:00,113,2,True
SYN-00104,Screen help,"Hello support, my screen stopped working. Please help me resolve this when possible.",Technical Issue,Medium,Pending,Chat,2024-02-19T16:00:00,32,1,True
SYN-00671,Verification request,"Hello support, my verification cannot sign in. Please help me resolve this today.",Account Access,High,Closed,Web,2024-01-03T04:00:00,1,2,True
SYN-00795,Verification problem,"Hello support, my verification code never arrived. Please help me resolve this soon.",Account Access,Low,Closed,Phone,2024-08-02T11:00:00,35,5,True
SYN-02037,Help help,"Hello support, my help need some assistance. Please help me resolve this today.",General Support,Low,Pending,Phone,2024-06-06T22:00:00,100,3,True
SYN-00461,Payment problem,"Hello support, my payment payment was declined. Please help me resolve this today.",Billing Inquiry,Low,Resolved,Chat,2024-06-15T05:00:00,71,5,True
SYN-00200,Crash help,"Hello support, my crash keeps failing. Please help me resolve this today.",Technical Issue,Medium,Resolved,Email,2024-11-18T15:00:00,51,1,True
SYN-02041,Help request,"Hello support, my help please contact me. Please help me resolve this soon.",General Support,High,Closed,Phone,2024-03-14T05:00:00,111,1,True
SYN-01094,Refund request,"Hello support, my refund refund is missing. Please help me resolve this today.",Refund Request,Medium,Open,Phone,2024-04-02T02:00:00,33,4,True
SYN-01064,Purchase problem,"Hello support, my purchase refund is missing. Please help me resolve this today.",Refund Request,High,Resolved,Chat,2024-11-22T20:00:00,18,3,True
SYN-01887,Question help,"Hello support, my question where can I find help. Please help me resolve this when possible.",General Support,Low,Pending,Web,2024-09-16T07:00:00,68,3,True
SYN-02071,Support request,"Hello support, my support have a general question. Please help me resolve this when possible.",General Support,Low,Pending,Email,2024-08-27T07:00:00,2,2,True
SYN-01774,Package help,"Hello support, my package tracking is frozen. Please help me resolve this when possible.",Shipping Issue,Medium,Resolved,Web,2024-01-08T01:00:00,32,2,True
SYN-00722,Account question,"Hello support, my account account is locked. Please help me resolve this today.",Account Access,Low,Pending,Phone,2024-02-02T17:00:00,69,3,True
SYN-01145,Cancel question,"Hello support, my cancel return was approved. Please help me resolve this soon.",Refund Request,Critical,Pending,Email,2024-10-04T20:00:00,76,2,True
SYN-01486,Feature request,"Hello support, my feature which plan includes it. Please help me resolve this when possible.",Product Inquiry,High,Pending,Web,2024-01-02T14:00:00,116,2,True
SYN-00857,Locked problem,"Hello support, my locked code never arrived. Please help me resolve this soon.",Account Access,Medium,Open,Phone,2024-01-23T08:00:00,62,5,True
SYN-00641,Login question,"Hello support, my login account is locked. Please help me resolve this soon.",Account Access,High,Open,Email,2024-03-27T00:00:00,17,5,True
SYN-01304,Feature request,"Hello support, my feature is this supported. Please help me resolve this soon.",Product Inquiry,Low,Pending,Email,2024-09-06T00:00:00,12,2,True
SYN-01151,Return question,"Hello support, my return refund is missing. Please help me resolve this when possible.",Refund Request,Critical,Closed,Email,2024-03-01T07:00:00,77,1,True
SYN-00379,Payment problem,"Hello support, my payment payment was declined. Please help me resolve this today.",Billing Inquiry,Medium,Resolved,Web,2024-10-14T16:00:00,63,3,True
SYN-01830,Contact problem,"Hello support, my contact have a general question. Please help me resolve this today.",General Support,Medium,Open,Web,2024-11-08T09:00:00,24,5,True
SYN-01509,Shipment help,"Hello support, my shipment went to wrong address. Please help me resolve this today.",Shipping Issue,Medium,Pending,Phone,2024-11-04T19:00:00,107,5,True
SYN-00326,Invoice problem,"Hello support, my invoice was charged twice. Please help me resolve this today.",Billing Inquiry,Low,Pending,Email,2024-09-09T20:00:00,66,4,True
